"Source_id","Emis_type","Pollutant","Conc_ug_m3","Distance_m","Angle","Sector_num","Ring_num","Elev_m","Lat","Lon","Overlap","Wdp_g_m2_y","Ddp_g_m2_y"
"CEOT0001","C","Ethyl benzene",0.0076295692602739735,100.0,0.0,1,1,233.7,34.13159161746108,-86.84215646077422,"N","",""
"CEOT0001","C","Toluene",0.0064779361643835616,100.0,0.0,1,1,233.7,34.13159161746108,-86.84215646077422,"N","",""
"CEOT0001","C","Xylenes (mixed)",0.22399263715068493,100.0,0.0,1,1,233.7,34.13159161746108,-86.84215646077422,"N","",""
"CEOT0001","C","Ethyl benzene",0.013503114205479453,160.0,0.0,1,2,233.7,34.13213273898985,-86.84215545490368,"N","",""
"CEOT0001","C","Toluene",0.011464908287671233,160.0,0.0,1,2,233.7,34.13213273898985,-86.84215545490368,"N","",""
"CEOT0001","C","Xylenes (mixed)",0.39643105101369863,160.0,0.0,1,2,233.7,34.13213273898985,-86.84215545490368,"N","",""
"CEOT0001","C","Ethyl benzene",0.01377521983561644,260.0,0.0,1,3,233.7,34.133034608098264,-86.84215377839311,"N","",""
"CEOT0001","C","Toluene",0.011695941369863013,260.0,0.0,1,3,233.7,34.133034608098264,-86.84215377839311,"N","",""
"CEOT0001","C","Xylenes (mixed)",0.40441966158904114,260.0,0.0,1,3,233.7,34.133034608098264,-86.84215377839311,"N","",""
"CEOT0001","C","Ethyl benzene",0.009129618821917809,420.0,0.0,1,4,233.7,34.13447759839556,-86.84215109582117,"N","",""
"CEOT0001","C","Toluene",0.007751563150684933,420.0,0.0,1,4,233.7,34.13447759839556,-86.84215109582117,"N","",""
"CEOT0001","C","Xylenes (mixed)",0.26803182805479453,420.0,0.0,1,4,233.7,34.13447759839556,-86.84215109582117,"N","",""
"CEOT0001","C","Ethyl benzene",0.004668257424657535,680.0,0.0,1,5,216.8,34.136822456903744,-86.84214673623471,"N","",""
"CEOT0001","C","Toluene",0.003963614794520548,680.0,0.0,1,5,216.8,34.136822456903744,-86.84214673623471,"N","",""
"CEOT0001","C","Xylenes (mixed)",0.13705299156164386,680.0,0.0,1,5,216.8,34.136822456903744,-86.84214673623471,"N","",""
"CEOT0001","C","Ethyl benzene",0.003009384287671233,1110.0,0.0,1,6,225.3,34.14070049015908,-86.84213952504335,"N","",""
"CEOT0001","C","Toluene",0.002555137602739726,1110.0,0.0,1,6,225.3,34.14070049015908,-86.84213952504335,"N","",""
"CEOT0001","C","Xylenes (mixed)",0.08835098021917809,1110.0,0.0,1,6,225.3,34.14070049015908,-86.84213952504335,"N","",""
"CEOT0001","C","Ethyl benzene",0.0020821943013698634,1800.0,0.0,1,7,229.7,34.146923375600814,-86.84212795071521,"N","",""
"CEOT0001","C","Toluene",0.0017679008219178083,1800.0,0.0,1,7,229.7,34.146923375600814,-86.84212795071521,"N","",""
"CEOT0001","C","Xylenes (mixed)",0.06113008175342467,1800.0,0.0,1,7,229.7,34.146923375600814,-86.84212795071521,"N","",""
"CEOT0001","C","Ethyl benzene",0.0014299168397260275,3000.0,0.0,1,8,249.9,34.15774577000558,-86.84210781298945,"N","",""
"CEOT0001","C","Toluene",0.0012140803356164385,3000.0,0.0,1,8,249.9,34.15774577000558,-86.84210781298945,"N","",""
"CEOT0001","C","Xylenes (mixed)",0.041980200049315075,3000.0,0.0,1,8,249.9,34.15774577000558,-86.84210781298945,"N","",""
"CEOT0001","C","Ethyl benzene",0.0008801832698630138,5300.0,0.0,1,9,256.7,34.17848863915494,-86.84206918563785,"N","",""
"CEOT0001","C","Toluene",0.0007473254178082192,5300.0,0.0,1,9,256.7,34.17848863915494,-86.84206918563785,"N","",""
"CEOT0001","C","Xylenes (mixed)",0.025840852224657537,5300.0,0.0,1,9,256.7,34.17848863915494,-86.84206918563785,"N","",""
"CEOT0001","C","Ethyl benzene",0.00023328022602739728,9300.0,0.0,1,10,320.9,34.21456302679334,-86.84200191348383,"N","",""
"CEOT0001","C","Toluene",0.0001980681164383562,9300.0,0.0,1,10,320.9,34.21456302679334,-86.84200191348383,"N","",""
"CEOT0001","C","Xylenes (mixed)",0.006848755315068494,9300.0,0.0,1,10,320.9,34.21456302679334,-86.84200191348383,"N","",""
"CEOT0001","C","Ethyl benzene",0.00010181114136986302,16300.0,0.0,1,11,352.2,34.277692693369815,-86.84188389898158,"N","",""
"CEOT0001","C","Toluene",8.644342191780823e-05,16300.0,0.0,1,11,352.2,34.277692693369815,-86.84188389898158,"N","",""
"CEOT0001","C","Xylenes (mixed)",0.002989021433424658,16300.0,0.0,1,11,352.2,34.277692693369815,-86.84188389898158,"N","",""
"CEOT0001","C","Ethyl benzene",6.270260835616438e-05,28600.0,0.0,1,12,347.4,34.388618956727356,-86.84167563904948,"N","",""
"CEOT0001","C","Toluene",5.323806369863014e-05,28600.0,0.0,1,12,347.4,34.388618956727356,-86.84167563904948,"N","",""
"CEOT0001","C","Xylenes (mixed)",0.0018408539358904111,28600.0,0.0,1,12,347.4,34.388618956727356,-86.84167563904948,"N","",""
"CEOT0001","C","Ethyl benzene",6.503259000000001e-05,50000.0,0.0,1,13,186.1,34.58160781234124,-86.84131057610728,"N","",""
"CEOT0001","C","Toluene",5.5216350000000005e-05,50000.0,0.0,1,13,186.1,34.58160781234124,-86.84131057610728,"N","",""
"CEOT0001","C","Xylenes (mixed)",0.0019092586800000002,50000.0,0.0,1,13,186.1,34.58160781234124,-86.84131057610728,"N","",""
"CEOT0001","C","Ethyl benzene",0.007811674356164384,100.0,22.5,2,1,233.7,34.13151893748227,-86.84174447249465,"N","",""
"CEOT0001","C","Toluene",0.0066325536986301375,100.0,22.5,2,1,233.7,34.13151893748227,-86.84174447249465,"N","",""
"CEOT0001","C","Xylenes (mixed)",0.22933896789041097,100.0,22.5,2,1,233.7,34.13151893748227,-86.84174447249465,"N","",""
"CEOT0001","C","Ethyl benzene",0.013661007739726028,160.0,22.5,2,2,233.7,34.13202366250728,-86.84149408725538,"N","",""
"CEOT0001","C","Toluene",0.011598968835616438,160.0,22.5,2,2,233.7,34.13202366250728,-86.84149408725538,"N","",""
"CEOT0001","C","Xylenes (mixed)",0.40106656684931513,160.0,22.5,2,2,233.7,34.13202366250728,-86.84149408725538,"N","",""
"CEOT0001","C","Ethyl benzene",0.01363386883561644,260.0,22.5,2,3,233.7,34.132852849395256,-86.84108040955769,"N","",""
"CEOT0001","C","Toluene",0.011575926369863014,260.0,22.5,2,3,233.7,34.132852849395256,-86.84108040955769,"N","",""
"CEOT0001","C","Xylenes (mixed)",0.4002698095890412,260.0,22.5,2,3,233.7,34.132852849395256,-86.84108040955769,"N","",""
"CEOT0001","C","Ethyl benzene",0.008997065095890412,420.0,22.5,2,4,233.7,34.13418674327186,-86.84040548001907,"N","",""
"CEOT0001","C","Toluene",0.007639017534246576,420.0,22.5,2,4,233.7,34.13418674327186,-86.84040548001907,"N","",""
"CEOT0001","C","Xylenes (mixed)",0.2641402507397261,420.0,22.5,2,4,233.7,34.13418674327186,-86.84040548001907,"N","",""
"CEOT0001","C","Ethyl benzene",0.004709087753424658,680.0,22.5,2,5,226.1,34.13634982765703,-86.83932766306981,"N","",""
"CEOT0001","C","Toluene",0.003998282054794521,680.0,22.5,2,5,226.1,34.13634982765703,-86.83932766306981,"N","",""
"CEOT0001","C","Xylenes (mixed)",0.13825170838356168,680.0,22.5,2,5,226.1,34.13634982765703,-86.83932766306981,"N","",""
"CEOT0001","C","Ethyl benzene",0.002579537589041096,1110.0,22.5,2,6,220.0,34.13993690787118,-86.83753121353533,"N","",""
"CEOT0001","C","Toluene",0.002190173424657534,1110.0,22.5,2,6,220.0,34.13993690787118,-86.83753121353533,"N","",""
"CEOT0001","C","Xylenes (mixed)",0.07573132997260273,1110.0,22.5,2,6,220.0,34.13993690787118,-86.83753121353533,"N","",""
"CEOT0001","C","Ethyl benzene",0.0015924133150684934,1800.0,22.5,2,7,220.5,34.145677979988996,-86.83465657385577,"N","",""
"CEOT0001","C","Toluene",0.0013520490410958905,1800.0,22.5,2,7,220.5,34.145677979988996,-86.83465657385577,"N","",""
"CEOT0001","C","Xylenes (mixed)",0.04675085128767124,1800.0,22.5,2,7,220.5,34.145677979988996,-86.83465657385577,"N","",""
"CEOT0001","C","Ethyl benzene",0.0011665063315068494,3000.0,22.5,2,8,232.6,34.15567286641836,-86.82965766451551,"N","",""
"CEOT0001","C","Toluene",0.0009904299041095892,3000.0,22.5,2,8,232.6,34.15567286641836,-86.82965766451551,"N","",""
"CEOT0001","C","Xylenes (mixed)",0.03424686512876713,3000.0,22.5,2,8,232.6,34.15567286641836,-86.82965766451551,"N","",""
"CEOT0001","C","Ethyl benzene",0.0007369813356164383,5300.0,22.5,2,9,250.0,34.174823842382,-86.82007041480377,"N","",""
"CEOT0001","C","Toluene",0.0006257388698630137,5300.0,22.5,2,9,250.0,34.174823842382,-86.82007041480377,"N","",""
"CEOT0001","C","Xylenes (mixed)",0.021636659589041096,5300.0,22.5,2,9,250.0,34.174823842382,-86.82007041480377,"N","",""
"CEOT0001","C","Ethyl benzene",0.0004967364739726028,9300.0,22.5,2,10,286.6,34.208122034839064,-86.80338045328223,"N","",""
"CEOT0001","C","Toluene",0.00042175738356164385,9300.0,22.5,2,10,286.6,34.208122034839064,-86.80338045328223,"N","",""
"CEOT0001","C","Xylenes (mixed)",0.014583433084931506,9300.0,22.5,2,10,286.6,34.208122034839064,-86.80338045328223,"N","",""
"CEOT0001","C","Ethyl benzene",0.00010973234712328769,16300.0,22.5,2,11,329.6,34.26639462128757,-86.77414396954693,"N","",""
"CEOT0001","C","Toluene",9.316897397260275e-05,16300.0,22.5,2,11,329.6,34.26639462128757,-86.77414396954693,"N","",""
"CEOT0001","C","Xylenes (mixed)",0.0032215760778082194,16300.0,22.5,2,11,329.6,34.26639462128757,-86.77414396954693,"N","",""
"CEOT0001","C","Ethyl benzene",3.8074052876712335e-05,28600.0,22.5,2,12,391.4,34.36877423659385,-86.72267714594267,"N","",""
"CEOT0001","C","Toluene",3.232702602739726e-05,28600.0,22.5,2,12,391.4,34.36877423659385,-86.72267714594267,"N","",""
"CEOT0001","C","Xylenes (mixed)",0.001117796722191781,28600.0,22.5,2,12,391.4,34.36877423659385,-86.72267714594267,"N","",""
"CEOT0001","C","Ethyl benzene",6.796435397260275e-05,50000.0,22.5,2,13,174.1,34.546836123432655,-86.63283673912433,"N","",""
"CEOT0001","C","Toluene",5.7705583561643836e-05,50000.0,22.5,2,13,174.1,34.546836123432655,-86.63283673912433,"N","",""
"CEOT0001","C","Xylenes (mixed)",0.001995330844931507,50000.0,22.5,2,13,174.1,34.546836123432655,-86.63283673912433,"N","",""
"CEOT0001","C","Ethyl benzene",0.007847412328767124,100.0,45.0,3,1,233.7,34.13132908317502,-86.84138693050501,"N","",""
"CEOT0001","C","Toluene",0.006662897260273974,100.0,45.0,3,1,233.7,34.13132908317502,-86.84138693050501,"N","",""
"CEOT0001","C","Xylenes (mixed)",0.23038818082191784,100.0,45.0,3,1,233.7,34.13132908317502,-86.84138693050501,"N","",""
"CEOT0001","C","Ethyl benzene",0.013720972520547946,160.0,45.0,3,2,233.7,34.13170727903776,-86.84093071828151,"N","",""
"CEOT0001","C","Toluene",0.011649882328767125,160.0,45.0,3,2,233.7,34.13170727903776,-86.84093071828151,"N","",""
"CEOT0001","C","Xylenes (mixed)",0.4028270423013699,160.0,45.0,3,2,233.7,34.13170727903776,-86.84093071828151,"N","",""
"CEOT0001","C","Ethyl benzene",0.013145810712328768,260.0,45.0,3,3,233.7,34.13234660620534,-86.84015949313846,"N","",""
"CEOT0001","C","Toluene",0.011161537397260276,260.0,45.0,3,3,233.7,34.13234660620534,-86.84015949313846,"N","",""
"CEOT0001","C","Xylenes (mixed)",0.385941159780822,260.0,45.0,3,3,233.7,34.13234660620534,-86.84015949313846,"N","",""
"CEOT0001","C","Ethyl benzene",0.00820742971232877,420.0,45.0,3,4,233.7,34.1333641167135,-86.83893202635483,"N","",""
"CEOT0001","C","Toluene",0.006968572397260274,420.0,45.0,3,4,233.7,34.1333641167135,-86.83893202635483,"N","",""
"CEOT0001","C","Xylenes (mixed)",0.24095774778082193,420.0,45.0,3,4,233.7,34.1333641167135,-86.83893202635483,"N","",""
"CEOT0001","C","Ethyl benzene",0.004023144328767124,680.0,45.0,3,5,226.1,34.13502092118398,-86.83693325642713,"N","",""
"CEOT0001","C","Toluene",0.003415877260273973,680.0,45.0,3,5,226.1,34.13502092118398,-86.83693325642713,"N","",""
"CEOT0001","C","Xylenes (mixed)",0.11811344482191781,680.0,45.0,3,5,226.1,34.13502092118398,-86.83693325642713,"N","",""
"CEOT0001","C","Ethyl benzene",0.002105780753424658,1110.0,45.0,3,6,226.1,34.137758177542736,-86.8336307699831,"N","",""
"CEOT0001","C","Toluene",0.0017879270547945208,1110.0,45.0,3,6,226.1,34.137758177542736,-86.8336307699831,"N","",""
"CEOT0001","C","Xylenes (mixed)",0.061822544383561655,1110.0,45.0,3,6,226.1,34.137758177542736,-86.8336307699831,"N","",""
"CEOT0001","C","Ethyl benzene",0.001174128094520548,1800.0,45.0,3,7,219.6,34.142152004692534,-86.82832896483201,"N","",""
"CEOT0001","C","Toluene",0.000996901212328767,1800.0,45.0,3,7,219.6,34.142152004692534,-86.82832896483201,"N","",""
"CEOT0001","C","Xylenes (mixed)",0.03447062858630137,1800.0,45.0,3,7,219.6,34.142152004692534,-86.82832896483201,"N","",""
"CEOT0001","C","Ethyl benzene",0.0007883455232876713,3000.0,45.0,3,8,230.9,34.14978662356098,-86.81911468623557,"N","",""
"CEOT0001","C","Toluene",0.0006693499726027398,3000.0,45.0,3,8,230.9,34.14978662356098,-86.81911468623557,"N","",""
"CEOT0001","C","Xylenes (mixed)",0.02314463460821918,3000.0,45.0,3,8,230.9,34.14978662356098,-86.81911468623557,"N","",""
"CEOT0001","C","Ethyl benzene",0.0005039603013698631,5300.0,45.0,3,9,256.7,34.16443266941981,-86.80143123278759,"N","",""
"CEOT0001","C","Toluene",0.0004278908219178083,5300.0,45.0,3,9,256.7,34.16443266941981,-86.80143123278759,"N","",""
"CEOT0001","C","Xylenes (mixed)",0.01479551375342466,5300.0,45.0,3,9,256.7,34.16443266941981,-86.80143123278759,"N","",""
"CEOT0001","C","Ethyl benzene",0.00028632153698630137,9300.0,45.0,3,10,286.8,34.18988376178329,-86.77067987481696,"N","",""
"CEOT0001","C","Toluene",0.00024310319178082193,9300.0,45.0,3,10,286.8,34.18988376178329,-86.77067987481696,"N","",""
"CEOT0001","C","Xylenes (mixed)",0.008405968142465754,9300.0,45.0,3,10,286.8,34.18988376178329,-86.77067987481696,"N","",""
"CEOT0001","C","Ethyl benzene",7.987421630136987e-05,16300.0,45.0,3,11,324.9,34.23441316189011,-86.716809636164,"N","",""
"CEOT0001","C","Toluene",6.781773082191781e-05,16300.0,45.0,3,11,324.9,34.23441316189011,-86.716809636164,"N","",""
"CEOT0001","C","Xylenes (mixed)",0.002344986425753425,16300.0,45.0,3,11,324.9,34.23441316189011,-86.716809636164,"N","",""
"CEOT0001","C","Ethyl benzene",4.118557397260274e-05,28600.0,45.0,3,12,340.9,34.31259104516305,-86.62202378277578,"N","",""
"CEOT0001","C","Toluene",3.4968883561643834e-05,28600.0,45.0,3,12,340.9,34.31259104516305,-86.62202378277578,"N","",""
"CEOT0001","C","Xylenes (mixed)",0.001209146284931507,28600.0,45.0,3,12,340.9,34.31259104516305,-86.62202378277578,"N","",""
"CEOT0001","C","Ethyl benzene",4.892077150684932e-05,50000.0,45.0,3,13,247.9,34.44843285160352,-86.4566854779784,"N","",""
"CEOT0001","C","Toluene",4.1536504109589044e-05,50000.0,45.0,3,13,247.9,34.44843285160352,-86.4566854779784,"N","",""
"CEOT0001","C","Xylenes (mixed)",0.0014362400087671234,50000.0,45.0,3,13,247.9,34.44843285160352,-86.4566854779784,"N","",""
"CEOT0001","C","Ethyl benzene",0.007430616698630137,100.0,67.5,4,1,233.7,34.13103117192352,-86.84115973588088,"N","",""
"CEOT0001","C","Toluene",0.006309014178082192,100.0,67.5,4,1,233.7,34.13103117192352,-86.84115973588088,"N","",""
"CEOT0001","C","Xylenes (mixed)",0.21815169024657538,100.0,67.5,4,1,233.7,34.13103117192352,-86.84115973588088,"N","",""
"CEOT0001","C","Ethyl benzene",0.012522180041095893,160.0,67.5,4,2,233.7,34.13123781474996,-86.84055201165138,"N","",""
"CEOT0001","C","Toluene",0.010632039657534249,160.0,67.5,4,2,233.7,34.13123781474996,-86.84055201165138,"N","",""
"CEOT0001","C","Xylenes (mixed)",0.36763230460273977,160.0,67.5,4,2,233.7,34.13123781474996,-86.84055201165138,"N","",""
"CEOT0001","C","Ethyl benzene",0.011323402808219179,260.0,67.5,4,3,233.7,34.131579225407364,-86.83955359750973,"N","",""
"CEOT0001","C","Toluene",0.00961420993150685,260.0,67.5,4,3,233.7,34.131579225407364,-86.83955359750973,"N","",""
"CEOT0001","C","Xylenes (mixed)",0.33243801452054794,260.0,67.5,4,3,233.7,34.131579225407364,-86.83955359750973,"N","",""
"CEOT0001","C","Ethyl benzene",0.006560769082191781,420.0,67.5,4,4,233.6,34.132136276464706,-86.83794742126686,"N","",""
"CEOT0001","C","Toluene",0.005570464315068494,420.0,67.5,4,4,233.6,34.132136276464706,-86.83794742126686,"N","",""
"CEOT0001","C","Xylenes (mixed)",0.19261427720547947,420.0,67.5,4,4,233.6,34.132136276464706,-86.83794742126686,"N","",""
"CEOT0001","C","Ethyl benzene",0.0030276344383561647,680.0,67.5,4,5,225.7,34.133025663954434,-86.83534279344518,"N","",""
"CEOT0001","C","Toluene",0.0025706330136986305,680.0,67.5,4,5,225.7,34.133025663954434,-86.83534279344518,"N","",""
"CEOT0001","C","Xylenes (mixed)",0.08888677709589042,680.0,67.5,4,5,225.7,34.133025663954434,-86.83534279344518,"N","",""
"CEOT0001","C","Ethyl benzene",0.0014873293438356166,1110.0,67.5,4,6,225.5,34.1345078828686,-86.83102331766325,"N","",""
"CEOT0001","C","Toluene",0.0012628268013698631,1110.0,67.5,4,6,225.5,34.1345078828686,-86.83102331766325,"N","",""
"CEOT0001","C","Xylenes (mixed)",0.043665744509589044,1110.0,67.5,4,6,225.5,34.1345078828686,-86.83102331766325,"N","",""
"CEOT0001","C","Ethyl benzene",0.0009409378232876714,1800.0,67.5,4,7,232.6,34.136879112260516,-86.82410967468023,"N","",""
"CEOT0001","C","Toluene",0.0007989094726027398,1800.0,67.5,4,7,232.6,34.136879112260516,-86.82410967468023,"N","",""
"CEOT0001","C","Xylenes (mixed)",0.02762451420821918,1800.0,67.5,4,7,232.6,34.136879112260516,-86.82410967468023,"N","",""
"CEOT0001","C","Ethyl benzene",0.0006753668753424658,3000.0,67.5,4,8,236.5,34.14100086124258,-86.81207230118487,"N","",""
"CEOT0001","C","Toluene",0.0005734247054794522,3000.0,67.5,4,8,236.5,34.14100086124258,-86.81207230118487,"N","",""
"CEOT0001","C","Xylenes (mixed)",0.019827752038356166,3000.0,67.5,4,8,236.5,34.14100086124258,-86.81207230118487,"N","",""
"CEOT0001","C","Ethyl benzene",0.0005000068643835617,5300.0,67.5,4,9,237.1,34.14889982752136,-86.78900373710921,"N","",""
"CEOT0001","C","Toluene",0.0004245341301369863,5300.0,67.5,4,9,237.1,34.14889982752136,-86.78900373710921,"N","",""
"CEOT0001","C","Xylenes (mixed)",0.014679446810958905,5300.0,67.5,4,9,237.1,34.14889982752136,-86.78900373710921,"N","",""
"CEOT0001","C","Ethyl benzene",0.0003289402890410959,9300.0,67.5,4,10,245.4,34.16263188063646,-86.74888137652798,"N","",""
"CEOT0001","C","Toluene",0.0002792889246575343,9300.0,67.5,4,10,245.4,34.16263188063646,-86.74888137652798,"N","",""
"CEOT0001","C","Xylenes (mixed)",0.00965719037260274,9300.0,67.5,4,10,245.4,34.16263188063646,-86.74888137652798,"N","",""
"CEOT0001","C","Ethyl benzene",0.0001831296657534247,16300.0,67.5,4,11,290.8,34.186628903231664,-86.67862803976502,"N","",""
"CEOT0001","C","Toluene",0.00015548745205479455,16300.0,67.5,4,11,290.8,34.186628903231664,-86.67862803976502,"N","",""
"CEOT0001","C","Xylenes (mixed)",0.005376410564383562,16300.0,67.5,4,11,290.8,34.186628903231664,-86.67862803976502,"N","",""
"CEOT0001","C","Ethyl benzene",4.8436997671232874e-05,28600.0,67.5,4,12,334.5,34.22869326577111,-86.55508124035785,"N","",""
"CEOT0001","C","Toluene",4.112575273972603e-05,28600.0,67.5,4,12,334.5,34.22869326577111,-86.55508124035785,"N","",""
"CEOT0001","C","Xylenes (mixed)",0.0014220371391780822,28600.0,67.5,4,12,334.5,34.22869326577111,-86.55508124035785,"N","",""
"CEOT0001","C","Ethyl benzene",6.602361739726028e-05,50000.0,67.5,4,13,224.7,34.301574411700855,-86.33984601716922,"N","",""
"CEOT0001","C","Toluene",5.6057788356164396e-05,50000.0,67.5,4,13,224.7,34.301574411700855,-86.33984601716922,"N","",""
"CEOT0001","C","Xylenes (mixed)",0.001938353748493151,50000.0,67.5,4,13,224.7,34.301574411700855,-86.33984601716922,"N","",""
"CEOT0001","C","Ethyl benzene",0.006527790739726029,100.0,90.0,5,1,233.7,34.130688349324714,-86.84107361517069,"N","",""
"CEOT0001","C","Toluene",0.005542463835616439,100.0,90.0,5,1,233.7,34.130688349324714,-86.84107361517069,"N","",""
"CEOT0001","C","Xylenes (mixed)",0.19164608284931509,100.0,90.0,5,1,233.7,34.130688349324714,-86.84107361517069,"N","",""
"CEOT0001","C","Ethyl benzene",0.011019096410958905,160.0,90.0,5,2,233.7,34.13068750543787,-86.84042290200978,"N","",""
"CEOT0001","C","Toluene",0.009355836575342466,160.0,90.0,5,2,233.7,34.13068750543787,-86.84042290200978,"N","",""
"CEOT0001","C","Xylenes (mixed)",0.3235040380273973,160.0,90.0,5,2,233.7,34.13068750543787,-86.84042290200978,"N","",""
"CEOT0001","C","Ethyl benzene",0.01040735806849315,260.0,90.0,5,3,233.7,34.13068609129722,-86.83933838013529,"N","",""
"CEOT0001","C","Toluene",0.00883643609589041,260.0,90.0,5,3,233.7,34.13068609129722,-86.83933838013529,"N","",""
"CEOT0001","C","Xylenes (mixed)",0.30554432367123285,260.0,90.0,5,3,233.7,34.13068609129722,-86.83933838013529,"N","",""
"CEOT0001","C","Ethyl benzene",0.006361069438356165,420.0,90.0,5,4,233.6,34.13068380874955,-86.83760314529411,"N","",""
"CEOT0001","C","Toluene",0.005400908013698631,420.0,90.0,5,4,233.6,34.13068380874955,-86.83760314529411,"N","",""
"CEOT0001","C","Xylenes (mixed)",0.18675139709589045,420.0,90.0,5,4,233.6,34.13068380874955,-86.83760314529411,"N","",""
"CEOT0001","C","Ethyl benzene",0.003204677671232877,680.0,90.0,5,5,233.6,34.13068004731268,-86.83478338909683,"N","",""
"CEOT0001","C","Toluene",0.0027209527397260274,680.0,90.0,5,5,233.6,34.13068004731268,-86.83478338909683,"N","",""
"CEOT0001","C","Xylenes (mixed)",0.09408449917808219,680.0,90.0,5,5,233.6,34.13068004731268,-86.83478338909683,"N","",""
"CEOT0001","C","Ethyl benzene",0.0014606402136986302,1110.0,90.0,5,6,225.7,34.130673684382444,-86.83011994731689,"N","",""
"CEOT0001","C","Toluene",0.0012401662191780822,1110.0,90.0,5,6,225.7,34.130673684382444,-86.83011994731689,"N","",""
"CEOT0001","C","Xylenes (mixed)",0.042882191934246576,1110.0,90.0,5,6,225.7,34.130673684382444,-86.83011994731689,"N","",""
"CEOT0001","C","Ethyl benzene",0.0007698224589041097,1800.0,90.0,5,7,223.2,34.13066310399848,-86.82263675315896,"N","",""
"CEOT0001","C","Toluene",0.0006536228424657535,1800.0,90.0,5,7,223.2,34.13066310399848,-86.82263675315896,"N","",""
"CEOT0001","C","Xylenes (mixed)",0.022600825397260278,1800.0,90.0,5,7,223.2,34.13066310399848,-86.82263675315896,"N","",""
"CEOT0001","C","Ethyl benzene",0.00046440306164383566,3000.0,90.0,5,8,217.1,34.13064361716819,-86.809622512046,"N","",""
"CEOT0001","C","Toluene",0.0003943044863013699,3000.0,90.0,5,8,217.1,34.13064361716819,-86.809622512046,"N","",""
"CEOT0001","C","Xylenes (mixed)",0.01363417290410959,3000.0,90.0,5,8,217.1,34.13064361716819,-86.809622512046,"N","",""
"CEOT0001","C","Ethyl benzene",0.00032877715068493153,5300.0,90.0,5,9,219.0,34.13060241221819,-86.78467858685333,"N","",""
"CEOT0001","C","Toluene",0.00027915041095890415,5300.0,90.0,5,9,219.0,34.13060241221819,-86.78467858685333,"N","",""
"CEOT0001","C","Xylenes (mixed)",0.00965240087671233,5300.0,90.0,5,9,219.0,34.13060241221819,-86.78467858685333,"N","",""
"CEOT0001","C","Ethyl benzene",0.00026919810821917815,9300.0,90.0,5,10,231.6,34.130518683100135,-86.7412979791596,"N","",""
"CEOT0001","C","Toluene",0.00022856443150684935,9300.0,90.0,5,10,231.6,34.130518683100135,-86.7412979791596,"N","",""
"CEOT0001","C","Xylenes (mixed)",0.007903250120547945,9300.0,90.0,5,10,231.6,34.130518683100135,-86.7412979791596,"N","",""
"CEOT0001","C","Ethyl benzene",4.8841946712328766e-05,16300.0,90.0,5,11,353.4,34.13033528226225,-86.66538240574239,"N","",""
"CEOT0001","C","Toluene",4.146957739726027e-05,16300.0,90.0,5,11,353.4,34.13033528226225,-86.66538240574239,"N","",""
"CEOT0001","C","Xylenes (mixed)",0.001433925831780822,16300.0,90.0,5,11,353.4,34.13033528226225,-86.66538240574239,"N","",""
"CEOT0001","C","Ethyl benzene",2.4484780273972605e-05,28600.0,90.0,5,12,384.6,34.129899340069315,-86.53198988107408,"N","",""
"CEOT0001","C","Toluene",2.0788964383561643e-05,28600.0,90.0,5,12,384.6,34.129899340069315,-86.53198988107408,"N","",""
"CEOT0001","C","Xylenes (mixed)",0.0007188361906849315,28600.0,90.0,5,12,384.6,34.129899340069315,-86.53198988107408,"N","",""
"CEOT0001","C","Ethyl benzene",5.234057835616439e-05,50000.0,90.0,5,13,272.2,34.12879554441082,-86.29991710714128,"N","",""
"CEOT0001","C","Toluene",4.444011369863014e-05,50000.0,90.0,5,13,272.2,34.12879554441082,-86.29991710714128,"N","",""
"CEOT0001","C","Xylenes (mixed)",0.0015366403758904112,50000.0,90.0,5,13,272.2,34.12879554441082,-86.29991710714128,"N","",""
"CEOT0001","C","Ethyl benzene",0.00629561589041096,100.0,112.5,6,1,233.7,34.13034575122219,-86.84116101796333,"N","",""
"CEOT0001","C","Toluene",0.005345334246575344,100.0,112.5,6,1,233.7,34.13034575122219,-86.84116101796333,"N","",""
"CEOT0001","C","Xylenes (mixed)",0.1848297797260274,100.0,112.5,6,1,233.7,34.13034575122219,-86.84116101796333,"N","",""
"CEOT0001","C","Ethyl benzene",0.011265572547945206,160.0,112.5,6,2,233.7,34.13013753418281,-86.84055407760022,"N","",""
"CEOT0001","C","Toluene",0.00956510876712329,160.0,112.5,6,2,233.7,34.13013753418281,-86.84055407760022,"N","",""
"CEOT0001","C","Xylenes (mixed)",0.33074020536986304,160.0,112.5,6,2,233.7,34.13013753418281,-86.84055407760022,"N","",""
"CEOT0001","C","Ethyl benzene",0.011295440589041096,260.0,112.5,6,3,233.7,34.12979352424572,-86.83955697142427,"N","",""
"CEOT0001","C","Toluene",0.009590468424657534,260.0,112.5,6,3,233.7,34.12979352424572,-86.83955697142427,"N","",""
"CEOT0001","C","Xylenes (mixed)",0.33161708597260275,260.0,112.5,6,3,233.7,34.12979352424572,-86.83955697142427,"N","",""
"CEOT0001","C","Ethyl benzene",0.007243739424657535,420.0,112.5,6,4,233.6,34.12923225763254,-86.83795296302819,"N","",""
"CEOT0001","C","Toluene",0.006150344794520548,420.0,112.5,6,4,233.6,34.12923225763254,-86.83795296302819,"N","",""
"CEOT0001","C","Xylenes (mixed)",0.21266525556164387,420.0,112.5,6,4,233.6,34.12923225763254,-86.83795296302819,"N","",""
"CEOT0001","C","Ethyl benzene",0.003625178219178083,680.0,112.5,6,5,225.0,34.12833594470791,-86.83535188661799,"N","",""
"CEOT0001","C","Toluene",0.0030779815068493156,680.0,112.5,6,5,225.0,34.12833594470791,-86.83535188661799,"N","",""
"CEOT0001","C","Xylenes (mixed)",0.10642976054794523,680.0,112.5,6,5,225.0,34.12833594470791,-86.83535188661799,"N","",""
"CEOT0001","C","Ethyl benzene",0.001918568054794521,1110.0,112.5,6,6,212.6,34.1268419973181,-86.83103857115691,"N","",""
"CEOT0001","C","Toluene",0.0016289728767123288,1110.0,112.5,6,6,212.6,34.1268419973181,-86.83103857115691,"N","",""
"CEOT0001","C","Xylenes (mixed)",0.056326262136986306,1110.0,112.5,6,6,212.6,34.1268419973181,-86.83103857115691,"N","",""
"CEOT0001","C","Ethyl benzene",0.001212024982191781,1800.0,112.5,6,7,220.4,34.12445136348397,-86.82413541431653,"N","",""
"CEOT0001","C","Toluene",0.0010290778150684932,1800.0,112.5,6,7,220.4,34.12445136348397,-86.82413541431653,"N","",""
"CEOT0001","C","Xylenes (mixed)",0.035583224005479454,1800.0,112.5,6,7,220.4,34.12445136348397,-86.82413541431653,"N","",""
"CEOT0001","C","Ethyl benzene",0.000839133390410959,3000.0,112.5,6,8,224.3,34.12029397285523,-86.81211812089782,"N","",""
"CEOT0001","C","Toluene",0.0007124717465753426,3000.0,112.5,6,8,224.3,34.12029397285523,-86.81211812089782,"N","",""
"CEOT0001","C","Xylenes (mixed)",0.0246356897260274,3000.0,112.5,6,8,224.3,34.12029397285523,-86.81211812089782,"N","",""
"CEOT0001","C","Ethyl benzene",0.0005124587424657536,5300.0,112.5,6,9,208.2,34.112320114172896,-86.78909460721029,"N","",""
"CEOT0001","C","Toluene",0.00043510647945205487,5300.0,112.5,6,9,208.2,34.112320114172896,-86.78909460721029,"N","",""
"CEOT0001","C","Xylenes (mixed)",0.015045015156164387,5300.0,112.5,6,9,208.2,34.112320114172896,-86.78909460721029,"N","",""
"CEOT0001","C","Ethyl benzene",0.00031393613424657535,9300.0,112.5,6,10,205.8,34.09843718974365,-86.74907114017164,"N","",""
"CEOT0001","C","Toluene",0.00026654954794520547,9300.0,112.5,6,10,205.8,34.09843718974365,-86.74907114017164,"N","",""
"CEOT0001","C","Xylenes (mixed)",0.009216691035616438,9300.0,112.5,6,10,205.8,34.09843718974365,-86.74907114017164,"N","",""
"CEOT0001","C","Ethyl benzene",5.898320630136987e-05,16300.0,112.5,6,11,369.0,34.07411301764981,-86.67905357204202,"N","",""
"CEOT0001","C","Toluene",5.008008082191781e-05,16300.0,112.5,6,11,369.0,34.07411301764981,-86.67905357204202,"N","",""
"CEOT0001","C","Xylenes (mixed)",0.0017316579057534247,16300.0,112.5,6,11,369.0,34.07411301764981,-86.67905357204202,"N","",""
"CEOT0001","C","Ethyl benzene",2.612531178082192e-05,28600.0,112.5,6,12,428.2,34.0312792406126,-86.55611436021188,"N","",""
"CEOT0001","C","Toluene",2.2181868493150687e-05,28600.0,112.5,6,12,428.2,34.0312792406126,-86.55611436021188,"N","",""
"CEOT0001","C","Xylenes (mixed)",0.0007669997194520548,28600.0,112.5,6,12,428.2,34.0312792406126,-86.55611436021188,"N","",""
"CEOT0001","C","Ethyl benzene",3.621488547945206e-05,50000.0,112.5,6,13,315.0,33.95646851824023,-86.34252338594102,"N","",""
"CEOT0001","C","Toluene",3.074848767123288e-05,50000.0,112.5,6,13,315.0,33.95646851824023,-86.34252338594102,"N","",""
"CEOT0001","C","Xylenes (mixed)",0.0010632143736986302,50000.0,112.5,6,13,315.0,33.95646851824023,-86.34252338594102,"N","",""
"CEOT0001","C","Ethyl benzene",0.005862857095890411,100.0,135.0,7,1,233.7,34.13004842869264,-86.8413893225402,"N","",""
"CEOT0001","C","Toluene",0.004977897534246576,100.0,135.0,7,1,233.7,34.13004842869264,-86.8413893225402,"N","",""
"CEOT0001","C","Xylenes (mixed)",0.17212463473972606,100.0,135.0,7,1,233.7,34.13004842869264,-86.8413893225402,"N","",""
"CEOT0001","C","Ethyl benzene",0.010768366479452056,160.0,135.0,7,2,233.7,34.12966905434307,-86.8409345362563,"N","",""
"CEOT0001","C","Toluene",0.009142952671232876,160.0,135.0,7,2,233.7,34.12966905434307,-86.8409345362563,"N","",""
"CEOT0001","C","Xylenes (mixed)",0.31614298569863014,160.0,135.0,7,2,233.7,34.12966905434307,-86.8409345362563,"N","",""
"CEOT0001","C","Ethyl benzene",0.011113686164383562,260.0,135.0,7,3,233.7,34.12902772718044,-86.84016574011203,"N","",""
"CEOT0001","C","Toluene",0.009436148630136986,260.0,135.0,7,3,233.7,34.12902772718044,-86.84016574011203,"N","",""
"CEOT0001","C","Xylenes (mixed)",0.3262810504109589,260.0,135.0,7,3,233.7,34.12902772718044,-86.84016574011203,"N","",""
"CEOT0001","C","Ethyl benzene",0.007399269739726028,420.0,135.0,7,4,233.6,34.12800701339056,-86.83894218709614,"N","",""
"CEOT0001","C","Toluene",0.0062823988356164396,420.0,135.0,7,4,233.6,34.12800701339056,-86.83894218709614,"N","",""
"CEOT0001","C","Xylenes (mixed)",0.2172313908493151,420.0,135.0,7,4,233.6,34.12800701339056,-86.83894218709614,"N","",""
"CEOT0001","C","Ethyl benzene",0.004309231068493151,680.0,135.0,7,5,233.6,34.126344939888405,-86.83694991591636,"N","",""
"CEOT0001","C","Toluene",0.0036587810958904113,680.0,135.0,7,5,233.6,34.126344939888405,-86.83694991591636,"N","",""
"CEOT0001","C","Xylenes (mixed)",0.1265125196712329,680.0,135.0,7,5,233.6,34.126344939888405,-86.83694991591636,"N","",""
"CEOT0001","C","Ethyl benzene",0.002323379876712329,1110.0,135.0,7,6,218.8,34.123598834108854,-86.83365850827764,"N","",""
"CEOT0001","C","Toluene",0.0019726810273972607,1110.0,135.0,7,6,218.8,34.123598834108854,-86.83365850827764,"N","",""
"CEOT0001","C","Xylenes (mixed)",0.06821092619178083,1110.0,135.0,7,6,218.8,34.123598834108854,-86.83365850827764,"N","",""
"CEOT0001","C","Ethyl benzene",0.0016280140684931507,1800.0,135.0,7,7,219.4,34.11919042598477,-86.8283753778556,"N","",""
"CEOT0001","C","Toluene",0.001382276095890411,1800.0,135.0,7,7,219.4,34.11919042598477,-86.8283753778556,"N","",""
"CEOT0001","C","Xylenes (mixed)",0.04779603567123288,1800.0,135.0,7,7,219.4,34.11919042598477,-86.8283753778556,"N","",""
"CEOT0001","C","Ethyl benzene",0.0019814754246575343,3000.0,135.0,7,8,275.4,34.11152936950191,-86.8191961602332,"N","",""
"CEOT0001","C","Toluene",0.0016823847945205478,3000.0,135.0,7,8,275.4,34.11152936950191,-86.8191961602332,"N","",""
"CEOT0001","C","Xylenes (mixed)",0.058173127561643834,3000.0,135.0,7,8,275.4,34.11152936950191,-86.8191961602332,"N","",""
"CEOT0001","C","Ethyl benzene",0.0008762984424657535,5300.0,135.0,7,9,255.0,34.09682868914295,-86.8015892520372,"N","",""
"CEOT0001","C","Toluene",0.0007440269794520548,5300.0,135.0,7,9,255.0,34.09682868914295,-86.8015892520372,"N","",""
"CEOT0001","C","Xylenes (mixed)",0.025726799556164383,5300.0,135.0,7,9,255.0,34.09682868914295,-86.8015892520372,"N","",""
"CEOT0001","C","Ethyl benzene",0.0005360314726027398,9300.0,135.0,7,10,231.5,34.071270398159186,-86.77099996475926,"N","",""
"CEOT0001","C","Toluene",0.0004551210616438356,9300.0,135.0,7,10,231.5,34.071270398159186,-86.77099996475926,"N","",""
"CEOT0001","C","Xylenes (mixed)",0.01573707493150685,9300.0,135.0,7,10,231.5,34.071270398159186,-86.77099996475926,"N","",""
"CEOT0001","C","Ethyl benzene",0.00012994488452054795,16300.0,135.0,7,11,323.6,34.02651597380153,-86.71750209656307,"N","",""
"CEOT0001","C","Toluene",0.00011033056232876714,16300.0,135.0,7,11,323.6,34.02651597380153,-86.71750209656307,"N","",""
"CEOT0001","C","Xylenes (mixed)",0.0038149856663013708,16300.0,135.0,7,11,323.6,34.02651597380153,-86.71750209656307,"N","",""
"CEOT0001","C","Ethyl benzene",3.4485313972602745e-05,28600.0,135.0,7,12,411.9,33.947827468582474,-86.62364388696443,"N","",""
"CEOT0001","C","Toluene",2.9279983561643835e-05,28600.0,135.0,7,12,411.9,33.947827468582474,-86.62364388696443,"N","",""
"CEOT0001","C","Xylenes (mixed)",0.001012436764931507,28600.0,135.0,7,12,411.9,33.947827468582474,-86.62364388696443,"N","",""
"CEOT0001","C","Ethyl benzene",6.799850630136988e-05,50000.0,135.0,7,13,216.8,33.810747037403935,-86.46075018156306,"N","",""
"CEOT0001","C","Toluene",5.7734580821917824e-05,50000.0,135.0,7,13,216.8,33.810747037403935,-86.46075018156306,"N","",""
"CEOT0001","C","Xylenes (mixed)",0.0019963335057534247,50000.0,135.0,7,13,216.8,33.810747037403935,-86.46075018156306,"N","",""
"CEOT0001","C","Ethyl benzene",0.006185017232876713,100.0,157.5,8,1,233.7,34.129859497842666,-86.84174756503946,"N","",""
"CEOT0001","C","Toluene",0.005251429726027397,100.0,157.5,8,1,233.7,34.129859497842666,-86.84174756503946,"N","",""
"CEOT0001","C","Xylenes (mixed)",0.1815827700821918,100.0,157.5,8,1,233.7,34.129859497842666,-86.84174756503946,"N","",""
"CEOT0001","C","Ethyl benzene",0.011451550273972605,160.0,157.5,8,2,233.7,34.12935412920611,-86.84149907006022,"N","",""
"CEOT0001","C","Toluene",0.009723014383561645,160.0,157.5,8,2,233.7,34.12935412920611,-86.84149907006022,"N","",""
"CEOT0001","C","Xylenes (mixed)",0.3362002306849316,160.0,157.5,8,2,233.7,34.12935412920611,-86.84149907006022,"N","",""
"CEOT0001","C","Ethyl benzene",0.0119297438630137,260.0,157.5,8,3,233.7,34.128523876560585,-86.8410885107906,"N","",""
"CEOT0001","C","Toluene",0.010129027808219178,260.0,157.5,8,3,233.7,34.128523876560585,-86.8410885107906,"N","",""
"CEOT0001","C","Xylenes (mixed)",0.35023927265753424,260.0,157.5,8,3,233.7,34.128523876560585,-86.8410885107906,"N","",""
"CEOT0001","C","Ethyl benzene",0.008172393082191783,420.0,157.5,8,4,233.7,34.12718823741717,-86.84041863242777,"N","",""
"CEOT0001","C","Toluene",0.0069388243150684936,420.0,157.5,8,4,233.7,34.12718823741717,-86.84041863242777,"N","",""
"CEOT0001","C","Xylenes (mixed)",0.2399291252054795,420.0,157.5,8,4,233.7,34.12718823741717,-86.84041863242777,"N","",""
"CEOT0001","C","Ethyl benzene",0.004919277041095891,680.0,157.5,8,5,233.6,34.12502234970131,-86.83934909420869,"N","",""
"CEOT0001","C","Toluene",0.004176744657534247,680.0,157.5,8,5,233.6,34.12502234970131,-86.83934909420869,"N","",""
"CEOT0001","C","Xylenes (mixed)",0.14442254860273976,680.0,157.5,8,5,233.6,34.12502234970131,-86.83934909420869,"N","",""
"CEOT0001","C","Ethyl benzene",0.0026448234246575345,1110.0,157.5,8,6,218.8,34.121430552202284,-86.83756661680633,"N","",""
"CEOT0001","C","Toluene",0.002245604794520548,1110.0,157.5,8,6,218.8,34.121430552202284,-86.83756661680633,"N","",""
"CEOT0001","C","Xylenes (mixed)",0.07764802356164384,1110.0,157.5,8,6,218.8,34.121430552202284,-86.83756661680633,"N","",""
"CEOT0001","C","Ethyl benzene",0.002113388794520548,1800.0,157.5,8,7,233.0,34.11568181519158,-86.83471496887697,"N","",""
"CEOT0001","C","Toluene",0.0017943867123287672,1800.0,157.5,8,7,233.0,34.11568181519158,-86.83471496887697,"N","",""
"CEOT0001","C","Xylenes (mixed)",0.06204590498630138,1800.0,157.5,8,7,233.0,34.11568181519158,-86.83471496887697,"N","",""
"CEOT0001","C","Ethyl benzene",0.0014510562164383564,3000.0,157.5,8,8,243.9,34.105673258677065,-86.82975793224772,"N","",""
"CEOT0001","C","Toluene",0.0012320288630136987,3000.0,157.5,8,8,243.9,34.105673258677065,-86.82975793224772,"N","",""
"CEOT0001","C","Xylenes (mixed)",0.0426008202410959,3000.0,157.5,8,8,243.9,34.105673258677065,-86.82975793224772,"N","",""
"CEOT0001","C","Ethyl benzene",0.0010657188452054794,5300.0,157.5,8,9,271.3,34.086494854459175,-86.8202574743348,"N","",""
"CEOT0001","C","Toluene",0.0009048556232876713,5300.0,157.5,8,9,271.3,34.086494854459175,-86.8202574743348,"N","",""
"CEOT0001","C","Xylenes (mixed)",0.0312878966630137,5300.0,157.5,8,9,271.3,34.086494854459175,-86.8202574743348,"N","",""
"CEOT0001","C","Ethyl benzene",0.0005498509684931506,9300.0,157.5,8,10,276.8,34.05314512208202,-86.80373896011449,"N","",""
"CEOT0001","C","Toluene",0.00046685459589041096,9300.0,157.5,8,10,276.8,34.05314512208202,-86.80373896011449,"N","",""
"CEOT0001","C","Xylenes (mixed)",0.016142794471232878,9300.0,157.5,8,10,276.8,34.05314512208202,-86.80373896011449,"N","",""
"CEOT0001","C","Ethyl benzene",0.00010988176356164384,16300.0,157.5,8,11,345.0,33.99477067273212,-86.77486525280689,"N","",""
"CEOT0001","C","Toluene",9.329583698630137e-05,16300.0,157.5,8,11,345.0,33.99477067273212,-86.77486525280689,"N","",""
"CEOT0001","C","Xylenes (mixed)",0.0032259627189041096,16300.0,157.5,8,11,345.0,33.99477067273212,-86.77486525280689,"N","",""
"CEOT0001","C","Ethyl benzene",0.00014529727109589043,28600.0,157.5,8,12,262.0,33.8921760887903,-86.72422925496289,"N","",""
"CEOT0001","C","Toluene",0.00012336560753424658,28600.0,157.5,8,12,262.0,33.8921760887903,-86.72422925496289,"N","",""
"CEOT0001","C","Xylenes (mixed)",0.004265708562739726,28600.0,157.5,8,12,262.0,33.8921760887903,-86.72422925496289,"N","",""
"CEOT0001","C","Ethyl benzene",7.557864616438357e-05,50000.0,157.5,8,13,217.9,33.713630850066124,-86.63642175317916,"N","",""
"CEOT0001","C","Toluene",6.4170548630137e-05,50000.0,157.5,8,13,217.9,33.713630850066124,-86.63642175317916,"N","",""
"CEOT0001","C","Xylenes (mixed)",0.002218874970410959,50000.0,157.5,8,13,217.9,33.713630850066124,-86.63642175317916,"N","",""
"CEOT0001","C","Ethyl benzene",0.006329387054794521,100.0,180.0,9,1,233.7,34.12978787868664,-86.84215981348227,"N","",""
"CEOT0001","C","Toluene",0.0053740078767123296,100.0,180.0,9,1,233.7,34.12978787868664,-86.84215981348227,"N","",""
"CEOT0001","C","Xylenes (mixed)",0.18582125013698633,100.0,180.0,9,1,233.7,34.12978787868664,-86.84215981348227,"N","",""
"CEOT0001","C","Ethyl benzene",0.012032871698630139,160.0,180.0,9,2,233.7,34.12924675695075,-86.84216081923654,"N","",""
"CEOT0001","C","Toluene",0.010216589178082193,160.0,180.0,9,2,233.7,34.12924675695075,-86.84216081923654,"N","",""
"CEOT0001","C","Xylenes (mixed)",0.35326695024657534,160.0,180.0,9,2,233.7,34.12924675695075,-86.84216081923654,"N","",""
"CEOT0001","C","Ethyl benzene",0.012558939534246576,260.0,180.0,9,3,233.7,34.12834488728473,-86.84216249543405,"N","",""
"CEOT0001","C","Toluene",0.010663250547945206,260.0,180.0,9,3,233.7,34.12834488728473,-86.84216249543405,"N","",""
"CEOT0001","C","Xylenes (mixed)",0.36871150783561646,260.0,180.0,9,3,233.7,34.12834488728473,-86.84216249543405,"N","",""
"CEOT0001","C","Ethyl benzene",0.008846535657534247,420.0,180.0,9,4,233.7,34.126901895542964,-86.84216517719506,"N","",""
"CEOT0001","C","Toluene",0.0075112095205479455,420.0,180.0,9,4,233.7,34.126901895542964,-86.84216517719506,"N","",""
"CEOT0001","C","Xylenes (mixed)",0.25972093364383564,420.0,180.0,9,4,233.7,34.126901895542964,-86.84216517719506,"N","",""
"CEOT0001","C","Ethyl benzene",0.005575428657534248,680.0,180.0,9,5,233.7,34.12455703323773,-86.84216953464978,"N","",""
"CEOT0001","C","Toluene",0.004733854520547946,680.0,180.0,9,5,233.7,34.12455703323773,-86.84216953464978,"N","",""
"CEOT0001","C","Xylenes (mixed)",0.16368616964383564,680.0,180.0,9,5,233.7,34.12455703323773,-86.84216953464978,"N","",""
"CEOT0001","C","Ethyl benzene",0.003228706273972603,1110.0,180.0,9,6,229.8,34.12067898976355,-86.84217674010415,"N","",""
"CEOT0001","C","Toluene",0.002741354383561644,1110.0,180.0,9,6,229.8,34.12067898976355,-86.84217674010415,"N","",""
"CEOT0001","C","Xylenes (mixed)",0.0947899426849315,1110.0,180.0,9,6,229.8,34.12067898976355,-86.84217674010415,"N","",""
"CEOT0001","C","Ethyl benzene",0.0018697637671232878,1800.0,180.0,9,7,217.3,34.1144560776641,-86.84218829946632,"N","",""
"CEOT0001","C","Toluene",0.001587535273972603,1800.0,180.0,9,7,217.3,34.1144560776641,-86.84218829946632,"N","",""
"CEOT0001","C","Xylenes (mixed)",0.054893441917808226,1800.0,180.0,9,7,217.3,34.1144560776641,-86.84218829946632,"N","",""
"CEOT0001","C","Ethyl benzene",0.00123415538630137,3000.0,180.0,9,8,218.5,34.10363360678721,-86.84220839425967,"N","",""
"CEOT0001","C","Toluene",0.0010478677808219178,3000.0,180.0,9,8,218.5,34.10363360678721,-86.84220839425967,"N","",""
"CEOT0001","C","Xylenes (mixed)",0.036232939265753425,3000.0,180.0,9,8,218.5,34.10363360678721,-86.84220839425967,"N","",""
"CEOT0001","C","Ethyl benzene",0.000951508273972603,5300.0,180.0,9,9,264.2,34.082890484191246,-86.84224687932297,"N","",""
"CEOT0001","C","Toluene",0.0008078843835616439,5300.0,180.0,9,9,264.2,34.082890484191246,-86.84224687932297,"N","",""
"CEOT0001","C","Xylenes (mixed)",0.02793484668493151,5300.0,180.0,9,9,264.2,34.082890484191246,-86.84224687932297,"N","",""
"CEOT0001","C","Ethyl benzene",0.0004935499397260275,9300.0,180.0,9,10,262.2,34.0468153212112,-86.8423137161888,"N","",""
"CEOT0001","C","Toluene",0.0004190518356164384,9300.0,180.0,9,10,262.2,34.0468153212112,-86.8423137161888,"N","",""
"CEOT0001","C","Xylenes (mixed)",0.014489881249315072,9300.0,180.0,9,10,262.2,34.0468153212112,-86.8423137161888,"N","",""
"CEOT0001","C","Ethyl benzene",0.0002584904383561644,16300.0,180.0,9,11,253.7,33.983683275508874,-86.84243039500447,"N","",""
"CEOT0001","C","Toluene",0.00021947301369863018,16300.0,180.0,9,11,253.7,33.983683275508874,-86.84243039500447,"N","",""
"CEOT0001","C","Xylenes (mixed)",0.007588889095890411,16300.0,180.0,9,11,253.7,33.983683275508874,-86.84243039500447,"N","",""
"CEOT0001","C","Ethyl benzene",0.00012671962397260274,28600.0,180.0,9,12,280.5,33.87274968005398,-86.84263453845877,"N","",""
"CEOT0001","C","Toluene",0.00010759213356164384,28600.0,180.0,9,12,280.5,33.87274968005398,-86.84263453845877,"N","",""
"CEOT0001","C","Xylenes (mixed)",0.0037202968849315067,28600.0,180.0,9,12,280.5,33.87274968005398,-86.84263453845877,"N","",""
"CEOT0001","C","Ethyl benzene",6.12836095890411e-05,50000.0,180.0,9,13,151.9,33.67973849360215,-86.84298706322515,"N","",""
"CEOT0001","C","Toluene",5.2033253424657536e-05,50000.0,180.0,9,13,151.9,33.67973849360215,-86.84298706322515,"N","",""
"CEOT0001","C","Xylenes (mixed)",0.0017991942739726027,50000.0,180.0,9,13,151.9,33.67973849360215,-86.84298706322515,"N","",""
"CEOT0001","C","Ethyl benzene",0.005997987493150686,100.0,202.5,10,1,233.7,34.12986055726991,-86.84257179373066,"N","",""
"CEOT0001","C","Toluene",0.005092630890410959,100.0,202.5,10,1,233.7,34.12986055726991,-86.84257179373066,"N","",""
"CEOT0001","C","Xylenes (mixed)",0.17609185923287674,100.0,202.5,10,1,233.7,34.12986055726991,-86.84257179373066,"N","",""
"CEOT0001","C","Ethyl benzene",0.010819457753424659,160.0,202.5,10,2,233.7,34.12935582983354,-86.84282216614321,"N","",""
"CEOT0001","C","Toluene",0.00918633205479452,160.0,202.5,10,2,233.7,34.12935582983354,-86.84282216614321,"N","",""
"CEOT0001","C","Xylenes (mixed)",0.31764294838356166,160.0,202.5,10,2,233.7,34.12935582983354,-86.84282216614321,"N","",""
"CEOT0001","C","Ethyl benzene",0.010959009657534248,260.0,202.5,10,3,233.7,34.12852663650971,-86.84323580968348,"N","",""
"CEOT0001","C","Toluene",0.009304819520547944,260.0,202.5,10,3,233.7,34.12852663650971,-86.84323580968348,"N","",""
"CEOT0001","C","Xylenes (mixed)",0.3217399816438356,260.0,202.5,10,3,233.7,34.12852663650971,-86.84323580968348,"N","",""
"CEOT0001","C","Ethyl benzene",0.007984402808219179,420.0,202.5,10,4,233.7,34.12719272559545,-86.84391064948164,"N","",""
"CEOT0001","C","Toluene",0.0067792099315068495,420.0,202.5,10,4,233.7,34.12719272559545,-86.84391064948164,"N","",""
"CEOT0001","C","Xylenes (mixed)",0.23441001452054797,420.0,202.5,10,4,233.7,34.12719272559545,-86.84391064948164,"N","",""
"CEOT0001","C","Ethyl benzene",0.005177736986301371,680.0,202.5,10,5,229.8,34.12502959710491,-86.84498823269332,"N","",""
"CEOT0001","C","Toluene",0.004396191780821918,680.0,202.5,10,5,229.8,34.12502959710491,-86.84498823269332,"N","",""
"CEOT0001","C","Xylenes (mixed)",0.15201054246575343,680.0,202.5,10,5,229.8,34.12502959710491,-86.84498823269332,"N","",""
"CEOT0001","C","Ethyl benzene",0.003640211342465754,1110.0,202.5,10,6,229.8,34.12144239733089,-86.84678404980998,"N","",""
"CEOT0001","C","Toluene",0.003090745479452055,1110.0,202.5,10,6,229.8,34.12144239733089,-86.84678404980998,"N","",""
"CEOT0001","C","Xylenes (mixed)",0.1068711103561644,1110.0,202.5,10,6,229.8,34.12144239733089,-86.84678404980998,"N","",""
"CEOT0001","C","Ethyl benzene",0.0021496451506849315,1800.0,202.5,10,7,212.8,34.11570101411322,-86.84965704391638,"N","",""
"CEOT0001","C","Toluene",0.0018251704109589042,1800.0,202.5,10,7,212.8,34.11570101411322,-86.84965704391638,"N","",""
"CEOT0001","C","Xylenes (mixed)",0.06311033687671233,1800.0,202.5,10,7,212.8,34.11570101411322,-86.84965704391638,"N","",""
"CEOT0001","C","Ethyl benzene",0.0014248168602739727,3000.0,202.5,10,8,214.6,34.105705235635995,-86.85465123171166,"N","",""
"CEOT0001","C","Toluene",0.0012097501643835618,3000.0,202.5,10,8,214.6,34.105705235635995,-86.85465123171166,"N","",""
"CEOT0001","C","Xylenes (mixed)",0.04183047235068493,3000.0,202.5,10,8,214.6,34.105705235635995,-86.85465123171166,"N","",""
"CEOT0001","C","Ethyl benzene",0.0008764966479452056,5300.0,202.5,10,9,212.7,34.08655130291569,-86.8642228340846,"N","",""
"CEOT0001","C","Toluene",0.0007441952671232878,5300.0,202.5,10,9,212.7,34.08655130291569,-86.8642228340846,"N","",""
"CEOT0001","C","Xylenes (mixed)",0.025732618569863017,5300.0,202.5,10,9,212.7,34.08655130291569,-86.8642228340846,"N","",""
"CEOT0001","C","Ethyl benzene",0.0005617021315068494,9300.0,202.5,10,10,241.1,34.05324406183643,-86.88086492339167,"N","",""
"CEOT0001","C","Toluene",0.0004769169041095891,9300.0,202.5,10,10,241.1,34.05324406183643,-86.88086492339167,"N","",""
"CEOT0001","C","Xylenes (mixed)",0.016490726728767127,9300.0,202.5,10,10,241.1,34.05324406183643,-86.88086492339167,"N","",""
"CEOT0001","C","Ethyl benzene",0.00029380303150684935,16300.0,202.5,10,11,250.1,33.99494371018299,-86.90995450736659,"N","",""
"CEOT0001","C","Toluene",0.00024945540410958904,16300.0,202.5,10,11,250.1,33.99494371018299,-86.90995450736659,"N","",""
"CEOT0001","C","Xylenes (mixed)",0.008625613528767125,16300.0,202.5,10,11,250.1,33.99494371018299,-86.90995450736659,"N","",""
"CEOT0001","C","Ethyl benzene",0.00013711717849315067,28600.0,202.5,10,12,189.4,33.89247853082018,-86.96096860395956,"N","",""
"CEOT0001","C","Toluene",0.00011642024589041095,28600.0,202.5,10,12,189.4,33.89247853082018,-86.96096860395956,"N","",""
"CEOT0001","C","Xylenes (mixed)",0.004025553391232876,28600.0,202.5,10,12,189.4,33.89247853082018,-86.96096860395956,"N","",""
"CEOT0001","C","Ethyl benzene",6.494217780821917e-05,50000.0,202.5,10,13,141.3,33.71415604727234,-87.04943014587526,"N","",""
"CEOT0001","C","Toluene",5.513958493150685e-05,50000.0,202.5,10,13,141.3,33.71415604727234,-87.04943014587526,"N","",""
"CEOT0001","C","Xylenes (mixed)",0.001906604314520548,50000.0,202.5,10,13,141.3,33.71415604727234,-87.04943014587526,"N","",""
"CEOT0001","C","Ethyl benzene",0.005048400287671234,100.0,225.0,11,1,233.7,34.13005040816281,-86.84292933221356,"N","",""
"CEOT0001","C","Toluene",0.004286377602739727,100.0,225.0,11,1,233.7,34.13005040816281,-86.84292933221356,"N","",""
"CEOT0001","C","Xylenes (mixed)",0.1482134122191781,100.0,225.0,11,1,233.7,34.13005040816281,-86.84292933221356,"N","",""
"CEOT0001","C","Ethyl benzene",0.007826936178082193,160.0,225.0,11,2,233.7,34.129672204722844,-86.84338552663482,"N","",""
"CEOT0001","C","Toluene",0.006645511849315069,160.0,225.0,11,2,233.7,34.129672204722844,-86.84338552663482,"N","",""
"CEOT0001","C","Xylenes (mixed)",0.2297870319452055,160.0,225.0,11,2,233.7,34.129672204722844,-86.84338552663482,"N","",""
"CEOT0001","C","Ethyl benzene",0.006804927739726028,260.0,225.0,11,3,233.7,34.129032856879654,-86.8441567032018,"N","",""
"CEOT0001","C","Toluene",0.005777768835616439,260.0,225.0,11,3,233.7,34.129032856879654,-86.8441567032018,"N","",""
"CEOT0001","C","Xylenes (mixed)",0.1997824068493151,260.0,225.0,11,3,233.7,34.129032856879654,-86.8441567032018,"N","",""
"CEOT0001","C","Ethyl benzene",0.00420386198630137,420.0,225.0,11,4,233.7,34.12801529307889,-86.84538404477775,"N","",""
"CEOT0001","C","Toluene",0.0035693167808219183,420.0,225.0,11,4,233.7,34.12801529307889,-86.84538404477775,"N","",""
"CEOT0001","C","Xylenes (mixed)",0.12341904246575346,420.0,225.0,11,4,233.7,34.12801529307889,-86.84538404477775,"N","",""
"CEOT0001","C","Ethyl benzene",0.002550309904109589,680.0,225.0,11,5,233.7,34.12635834824919,-86.84738248494016,"N","",""
"CEOT0001","C","Toluene",0.0021653574657534247,680.0,225.0,11,5,233.7,34.12635834824919,-86.84738248494016,"N","",""
"CEOT0001","C","Xylenes (mixed)",0.07487324926027397,680.0,225.0,11,5,233.7,34.12635834824919,-86.84738248494016,"N","",""
"CEOT0001","C","Ethyl benzene",0.001551674465753425,1110.0,225.0,11,6,227.7,34.12362071453486,-86.85068408481057,"N","",""
"CEOT0001","C","Toluene",0.0013174594520547946,1110.0,225.0,11,6,227.7,34.12362071453486,-86.85068408481057,"N","",""
"CEOT0001","C","Xylenes (mixed)",0.04555482016438357,1110.0,225.0,11,6,227.7,34.12362071453486,-86.85068408481057,"N","",""
"CEOT0001","C","Ethyl benzene",0.0010127583410958904,1800.0,225.0,11,7,213.8,34.11922590267428,-86.8559835764446,"N","",""
"CEOT0001","C","Toluene",0.0008598891575342465,1800.0,225.0,11,7,213.8,34.11922590267428,-86.8559835764446,"N","",""
"CEOT0001","C","Xylenes (mixed)",0.029733056202739725,1800.0,225.0,11,7,213.8,34.11922590267428,-86.8559835764446,"N","",""
"CEOT0001","C","Ethyl benzene",0.0007308049479452056,3000.0,225.0,11,8,216.4,34.11158846184339,-86.86519122501548,"N","",""
"CEOT0001","C","Toluene",0.0006204947671232877,3000.0,225.0,11,8,216.4,34.11158846184339,-86.86519122501548,"N","",""
"CEOT0001","C","Xylenes (mixed)",0.021455330169863018,3000.0,225.0,11,8,216.4,34.11158846184339,-86.86519122501548,"N","",""
"CEOT0001","C","Ethyl benzene",0.0007284905178082192,5300.0,225.0,11,9,269.4,34.09693305340943,-86.88285268168029,"N","",""
"CEOT0001","C","Toluene",0.000618529684931507,5300.0,225.0,11,9,269.4,34.09693305340943,-86.88285268168029,"N","",""
"CEOT0001","C","Xylenes (mixed)",0.02138738199452055,5300.0,225.0,11,9,269.4,34.09693305340943,-86.88285268168029,"N","",""
"CEOT0001","C","Ethyl benzene",0.00033690205068493155,9300.0,225.0,11,10,255.3,34.07145333433759,-86.91353678305138,"N","",""
"CEOT0001","C","Toluene",0.0002860489109589042,9300.0,225.0,11,10,255.3,34.07145333433759,-86.91353678305138,"N","",""
"CEOT0001","C","Xylenes (mixed)",0.00989093567671233,9300.0,225.0,11,10,255.3,34.07145333433759,-86.91353678305138,"N","",""
"CEOT0001","C","Ethyl benzene",0.00020738239315068495,16300.0,225.0,11,11,234.8,34.0268360771293,-86.96720060765904,"N","",""
"CEOT0001","C","Toluene",0.00017607939041095892,16300.0,225.0,11,11,234.8,34.0268360771293,-86.96720060765904,"N","",""
"CEOT0001","C","Xylenes (mixed)",0.006088434032876713,16300.0,225.0,11,11,234.8,34.0268360771293,-86.96720060765904,"N","",""
"CEOT0001","C","Ethyl benzene",9.930887342465753e-05,28600.0,225.0,11,12,202.4,33.94838745660373,-87.06135038806696,"N","",""
"CEOT0001","C","Toluene",8.431885479452054e-05,28600.0,225.0,11,12,202.4,33.94838745660373,-87.06135038806696,"N","",""
"CEOT0001","C","Xylenes (mixed)",0.002915558623561644,28600.0,225.0,11,12,202.4,33.94838745660373,-87.06135038806696,"N","",""
"CEOT0001","C","Ethyl benzene",4.9426195479452054e-05,50000.0,225.0,11,13,128.6,33.811721022153435,-87.22475134997805,"N","",""
"CEOT0001","C","Toluene",4.1965637671232877e-05,50000.0,225.0,11,13,128.6,33.811721022153435,-87.22475134997805,"N","",""
"CEOT0001","C","Xylenes (mixed)",0.0014510784936986303,50000.0,225.0,11,13,128.6,33.811721022153435,-87.22475134997805,"N","",""
"CEOT0001","C","Ethyl benzene",0.004424266479452055,100.0,247.5,12,1,233.7,34.130348316197974,-86.84315653044906,"N","",""
"CEOT0001","C","Toluene",0.0037564526712328765,100.0,247.5,12,1,233.7,34.130348316197974,-86.84315653044906,"N","",""
"CEOT0001","C","Xylenes (mixed)",0.12988978569863013,100.0,247.5,12,1,233.7,34.130348316197974,-86.84315653044906,"N","",""
"CEOT0001","C","Ethyl benzene",0.00590248294520548,160.0,247.5,12,2,233.7,34.13014166041623,-86.84376424201825,"N","",""
"CEOT0001","C","Toluene",0.005011542123287671,160.0,247.5,12,2,233.7,34.13014166041623,-86.84376424201825,"N","",""
"CEOT0001","C","Xylenes (mixed)",0.17328798986301372,160.0,247.5,12,2,233.7,34.13014166041623,-86.84376424201825,"N","",""
"CEOT0001","C","Ethyl benzene",0.0046625552054794525,260.0,247.5,12,3,233.7,34.12980021534936,-86.84476262244397,"N","",""
"CEOT0001","C","Toluene",0.003958773287671233,260.0,247.5,12,3,233.7,34.12980021534936,-86.84476262244397,"N","",""
"CEOT0001","C","Xylenes (mixed)",0.13688558301369866,260.0,247.5,12,3,233.7,34.12980021534936,-86.84476262244397,"N","",""
"CEOT0001","C","Ethyl benzene",0.0026288755068493153,420.0,247.5,12,4,233.7,34.12924307469075,-86.84636871009161,"N","",""
"CEOT0001","C","Toluene",0.002232064109589041,420.0,247.5,12,4,233.7,34.12924307469075,-86.84636871009161,"N","",""
"CEOT0001","C","Xylenes (mixed)",0.0771798167671233,420.0,247.5,12,4,233.7,34.12924307469075,-86.84636871009161,"N","",""
"CEOT0001","C","Ethyl benzene",0.001277074495890411,680.0,247.5,12,5,219.2,34.12835345214582,-86.84897310718938,"N","",""
"CEOT0001","C","Toluene",0.0010843085342465753,680.0,247.5,12,5,219.2,34.12835345214582,-86.84897310718938,"N","",""
"CEOT0001","C","Xylenes (mixed)",0.03749297953972603,680.0,247.5,12,5,219.2,34.12835345214582,-86.84897310718938,"N","",""
"CEOT0001","C","Ethyl benzene",0.0008140436260273974,1110.0,247.5,12,6,220.8,34.12687059864341,-86.8532919586819,"N","",""
"CEOT0001","C","Toluene",0.0006911691164383562,1110.0,247.5,12,6,220.8,34.12687059864341,-86.8532919586819,"N","",""
"CEOT0001","C","Xylenes (mixed)",0.023899092115068493,1110.0,247.5,12,6,220.8,34.12687059864341,-86.8532919586819,"N","",""
"CEOT0001","C","Ethyl benzene",0.0006548099178082193,1800.0,247.5,12,7,221.1,34.12449771803628,-86.8602039772423,"N","",""
"CEOT0001","C","Toluene",0.0005559706849315068,1800.0,247.5,12,7,221.1,34.12449771803628,-86.8602039772423,"N","",""
"CEOT0001","C","Xylenes (mixed)",0.01922423079452055,1800.0,247.5,12,7,221.1,34.12449771803628,-86.8602039772423,"N","",""
"CEOT0001","C","Ethyl benzene",0.0005561554273972604,3000.0,247.5,12,8,215.4,34.120371227773205,-86.87223668994531,"N","",""
"CEOT0001","C","Toluene",0.00047220743835616445,3000.0,247.5,12,8,215.4,34.120371227773205,-86.87223668994531,"N","",""
"CEOT0001","C","Xylenes (mixed)",0.016327883868493154,3000.0,247.5,12,8,215.4,34.120371227773205,-86.87223668994531,"N","",""
"CEOT0001","C","Ethyl benzene",0.00045337368904109596,5300.0,247.5,12,9,220.4,34.112456551758974,-86.89528980798055,"N","",""
"CEOT0001","C","Toluene",0.00038493992465753424,5300.0,247.5,12,9,220.4,34.112456551758974,-86.89528980798055,"N","",""
"CEOT0001","C","Xylenes (mixed)",0.01331036717260274,5300.0,247.5,12,9,220.4,34.112456551758974,-86.89528980798055,"N","",""
"CEOT0001","C","Ethyl benzene",0.0003526944534246576,9300.0,247.5,12,10,255.0,34.09867645162107,-86.93536491208097,"N","",""
"CEOT0001","C","Toluene",0.0002994575547945206,9300.0,247.5,12,10,255.0,34.09867645162107,-86.93536491208097,"N","",""
"CEOT0001","C","Xylenes (mixed)",0.010354576783561645,9300.0,247.5,12,10,255.0,34.09867645162107,-86.93536491208097,"N","",""
"CEOT0001","C","Ethyl benzene",0.00021008866027397263,16300.0,247.5,12,11,252.8,34.07453198613848,-87.0054732402043,"N","",""
"CEOT0001","C","Toluene",0.00017837716438356166,16300.0,247.5,12,11,252.8,34.07453198613848,-87.0054732402043,"N","",""
"CEOT0001","C","Xylenes (mixed)",0.006167885950684932,16300.0,247.5,12,11,252.8,34.07453198613848,-87.0054732402043,"N","",""
"CEOT0001","C","Ethyl benzene",0.00012051624986301371,28600.0,247.5,12,12,249.7,34.032013200728905,-87.12857315609455,"N","",""
"CEOT0001","C","Toluene",0.0001023251178082192,28600.0,247.5,12,12,249.7,34.032013200728905,-87.12857315609455,"N","",""
"CEOT0001","C","Xylenes (mixed)",0.0035381751846575347,28600.0,247.5,12,12,249.7,34.032013200728905,-87.12857315609455,"N","",""
"CEOT0001","C","Ethyl benzene",5.772414410958904e-05,50000.0,247.5,12,13,170.5,33.95774807348282,-87.34244744945607,"N","",""
"CEOT0001","C","Toluene",4.901106575342466e-05,50000.0,247.5,12,13,170.5,33.95774807348282,-87.34244744945607,"N","",""
"CEOT0001","C","Xylenes (mixed)",0.0016946937402739727,50000.0,247.5,12,13,170.5,33.95774807348282,-87.34244744945607,"N","",""
"CEOT0001","C","Ethyl benzene",0.005839118178082192,100.0,270.0,13,1,233.7,34.130691137377575,-86.84324265923486,"N","",""
"CEOT0001","C","Toluene",0.004957741849315069,100.0,270.0,13,1,233.7,34.130691137377575,-86.84324265923486,"N","",""
"CEOT0001","C","Xylenes (mixed)",0.1714276959452055,100.0,270.0,13,1,233.7,34.130691137377575,-86.84324265923486,"N","",""
"CEOT0001","C","Ethyl benzene",0.007979950808219179,160.0,270.0,13,2,233.7,34.13069196632244,-86.84389337251206,"N","",""
"CEOT0001","C","Toluene",0.00677542993150685,160.0,270.0,13,2,233.7,34.13069196632244,-86.84389337251206,"N","",""
"CEOT0001","C","Xylenes (mixed)",0.23427931052054798,160.0,270.0,13,2,233.7,34.13069196632244,-86.84389337251206,"N","",""
"CEOT0001","C","Ethyl benzene",0.006422284438356165,260.0,270.0,13,3,233.7,34.13069334023464,-86.8449778946996,"N","",""
"CEOT0001","C","Toluene",0.005452883013698631,260.0,270.0,13,3,233.7,34.13069334023464,-86.8449778946996,"N","",""
"CEOT0001","C","Xylenes (mixed)",0.18854857709589043,260.0,270.0,13,3,233.7,34.13069334023464,-86.8449778946996,"N","",""
"CEOT0001","C","Ethyl benzene",0.003795421479452055,420.0,270.0,13,4,233.7,34.130695518571514,-86.84671313035173,"N","",""
"CEOT0001","C","Toluene",0.003222527671232877,420.0,270.0,13,4,233.7,34.130695518571514,-86.84671313035173,"N","",""
"CEOT0001","C","Xylenes (mixed)",0.11142784569863014,420.0,270.0,13,4,233.7,34.130695518571514,-86.84671313035173,"N","",""
"CEOT0001","C","Ethyl benzene",0.0020885826164383564,680.0,270.0,13,5,219.2,34.13069900607191,-86.84953288868074,"N","",""
"CEOT0001","C","Toluene",0.0017733248630136986,680.0,270.0,13,5,219.2,34.13069900607191,-86.84953288868074,"N","",""
"CEOT0001","C","Xylenes (mixed)",0.06131763304109589,680.0,270.0,13,5,219.2,34.13069900607191,-86.84953288868074,"N","",""
"CEOT0001","C","Ethyl benzene",0.0016301028493150686,1110.0,270.0,13,6,206.6,34.1307046317682,-86.85419633619772,"N","",""
"CEOT0001","C","Toluene",0.001384049589041096,1110.0,270.0,13,6,206.6,34.1307046317682,-86.85419633619772,"N","",""
"CEOT0001","C","Xylenes (mixed)",0.047857359123287674,1110.0,270.0,13,6,206.6,34.1307046317682,-86.85419633619772,"N","",""
"CEOT0001","C","Ethyl benzene",0.0015666923424657538,1800.0,270.0,13,7,207.2,34.13071328894573,-86.8616795453217,"N","",""
"CEOT0001","C","Toluene",0.001330210479452055,1800.0,270.0,13,7,207.2,34.13071328894573,-86.8616795453217,"N","",""
"CEOT0001","C","Xylenes (mixed)",0.045995722356164385,1800.0,270.0,13,7,207.2,34.13071328894573,-86.8616795453217,"N","",""
"CEOT0001","C","Ethyl benzene",0.0014442684410958906,3000.0,270.0,13,8,214.3,34.130727258734396,-86.87469382936739,"N","",""
"CEOT0001","C","Toluene",0.0012262656575342467,3000.0,270.0,13,8,214.3,34.130727258734396,-86.87469382936739,"N","",""
"CEOT0001","C","Xylenes (mixed)",0.04240154140273973,3000.0,270.0,13,8,214.3,34.130727258734396,-86.87469382936739,"N","",""
"CEOT0001","C","Ethyl benzene",0.0012925253753424658,5300.0,270.0,13,9,269.2,34.13075017891172,-86.89963789684917,"N","",""
"CEOT0001","C","Toluene",0.001097427205479452,5300.0,270.0,13,9,269.2,34.13075017891172,-86.89963789684917,"N","",""
"CEOT0001","C","Xylenes (mixed)",0.037946594038356166,5300.0,270.0,13,9,269.2,34.13075017891172,-86.89963789684917,"N","",""
"CEOT0001","C","Ethyl benzene",0.000653491089041096,9300.0,270.0,13,10,279.4,34.13077797143223,-86.94301893983251,"N","",""
"CEOT0001","C","Toluene",0.0005548509246575343,9300.0,270.0,13,10,279.4,34.13077797143223,-86.94301893983251,"N","",""
"CEOT0001","C","Xylenes (mixed)",0.01918551197260274,9300.0,270.0,13,10,279.4,34.13077797143223,-86.94301893983251,"N","",""
"CEOT0001","C","Ethyl benzene",0.00032936719315068496,16300.0,270.0,13,11,280.2,34.13078973173461,-87.01893584893034,"N","",""
"CEOT0001","C","Toluene",0.0002796513904109589,16300.0,270.0,13,11,280.2,34.13078973173461,-87.01893584893034,"N","",""
"CEOT0001","C","Xylenes (mixed)",0.009669723632876713,16300.0,270.0,13,11,280.2,34.13078973173461,-87.01893584893034,"N","",""
"CEOT0001","C","Ethyl benzene",0.00016671367808219177,28600.0,270.0,13,12,268.5,34.13069670620505,-87.15233248996046,"N","",""
"CEOT0001","C","Toluene",0.00014154934931506853,28600.0,270.0,13,12,268.5,34.13069670620505,-87.15233248996046,"N","",""
"CEOT0001","C","Xylenes (mixed)",0.004894461945205479,28600.0,270.0,13,12,268.5,34.13069670620505,-87.15233248996046,"N","",""
"CEOT0001","C","Ethyl benzene",8.893739054794521e-05,50000.0,270.0,13,13,229.2,34.1301894801021,-87.3844178008074,"N","",""
"CEOT0001","C","Toluene",7.55128787671233e-05,50000.0,270.0,13,13,229.2,34.1301894801021,-87.3844178008074,"N","",""
"CEOT0001","C","Xylenes (mixed)",0.0026110675413698633,50000.0,270.0,13,13,229.2,34.1301894801021,-87.3844178008074,"N","",""
"CEOT0001","C","Ethyl benzene",0.009406359410958904,100.0,292.5,14,1,233.7,34.131033736964994,-86.84315526447341,"N","",""
"CEOT0001","C","Toluene",0.007986531575342466,100.0,292.5,14,1,233.7,34.131033736964994,-86.84315526447341,"N","",""
"CEOT0001","C","Xylenes (mixed)",0.27615651402739727,100.0,292.5,14,1,233.7,34.131033736964994,-86.84315526447341,"N","",""
"CEOT0001","C","Ethyl benzene",0.015537327534246578,160.0,292.5,14,2,233.7,34.13124194115301,-86.84376221766327,"N","",""
"CEOT0001","C","Toluene",0.013192070547945207,160.0,292.5,14,2,233.7,34.13124194115301,-86.84376221766327,"N","",""
"CEOT0001","C","Xylenes (mixed)",0.4561524838356165,160.0,292.5,14,2,233.7,34.13124194115301,-86.84376221766327,"N","",""
"CEOT0001","C","Ethyl benzene",0.014675011726027398,260.0,292.5,14,3,233.7,34.131585916957434,-86.84475935799661,"N","",""
"CEOT0001","C","Toluene",0.012459915616438357,260.0,292.5,14,3,233.7,34.131585916957434,-86.84475935799661,"N","",""
"CEOT0001","C","Xylenes (mixed)",0.4308361933150685,260.0,292.5,14,3,233.7,34.131585916957434,-86.84475935799661,"N","",""
"CEOT0001","C","Ethyl benzene",0.009974934698630138,420.0,292.5,14,4,233.7,34.13214709469663,-86.84636345613316,"N","",""
"CEOT0001","C","Toluene",0.008469284178082192,420.0,292.5,14,4,233.7,34.13214709469663,-86.84636345613316,"N","",""
"CEOT0001","C","Xylenes (mixed)",0.2928490262465754,420.0,292.5,14,4,233.7,34.13214709469663,-86.84636345613316,"N","",""
"CEOT0001","C","Ethyl benzene",0.005790649315068494,680.0,292.5,14,5,219.2,34.13304317446017,-86.84896476628096,"N","",""
"CEOT0001","C","Toluene",0.0049165890410958904,680.0,292.5,14,5,219.2,34.13304317446017,-86.84896476628096,"N","",""
"CEOT0001","C","Xylenes (mixed)",0.17000472328767124,680.0,292.5,14,5,219.2,34.13304317446017,-86.84896476628096,"N","",""
"CEOT0001","C","Ethyl benzene",0.0042826867808219175,1110.0,292.5,14,6,217.2,34.13453649238678,-86.85327871415984,"N","",""
"CEOT0001","C","Toluene",0.003636243493150685,1110.0,292.5,14,6,217.2,34.13453649238678,-86.85327871415984,"N","",""
"CEOT0001","C","Xylenes (mixed)",0.1257332194520548,1110.0,292.5,14,6,217.2,34.13453649238678,-86.85327871415984,"N","",""
"CEOT0001","C","Ethyl benzene",0.003451245287671233,1800.0,292.5,14,7,219.7,34.136925488341205,-86.86018351657314,"N","",""
"CEOT0001","C","Toluene",0.0029303026027397263,1800.0,292.5,14,7,219.7,34.136925488341205,-86.86018351657314,"N","",""
"CEOT0001","C","Xylenes (mixed)",0.10132335221917808,1800.0,292.5,14,7,219.7,34.136925488341205,-86.86018351657314,"N","",""
"CEOT0001","C","Ethyl benzene",0.003147228575342466,3000.0,292.5,14,8,237.1,34.141078175951414,-86.87220553153458,"N","",""
"CEOT0001","C","Toluene",0.002672175205479452,3000.0,292.5,14,8,237.1,34.141078175951414,-86.87220553153458,"N","",""
"CEOT0001","C","Xylenes (mixed)",0.09239788043835617,3000.0,292.5,14,8,237.1,34.141078175951414,-86.87220553153458,"N","",""
"CEOT0001","C","Ethyl benzene",0.0013539599260273974,5300.0,292.5,14,9,297.3,34.14903645170137,-86.89524469253605,"N","",""
"CEOT0001","C","Toluene",0.001149588616438356,5300.0,292.5,14,9,297.3,34.14903645170137,-86.89524469253605,"N","",""
"CEOT0001","C","Xylenes (mixed)",0.039750219715068494,5300.0,292.5,14,9,297.3,34.14903645170137,-86.89524469253605,"N","",""
"CEOT0001","C","Ethyl benzene",0.0006194653068493152,9300.0,292.5,14,10,311.4,34.16287171705482,-86.93531603154808,"N","",""
"CEOT0001","C","Toluene",0.0005259611095890412,9300.0,292.5,14,10,311.4,34.16287171705482,-86.93531603154808,"N","",""
"CEOT0001","C","Xylenes (mixed)",0.01818656636712329,9300.0,292.5,14,10,311.4,34.16287171705482,-86.93531603154808,"N","",""
"CEOT0001","C","Ethyl benzene",0.00039887175616438363,16300.0,292.5,14,11,307.5,34.187049636693,-87.00548049714492,"N","",""
"CEOT0001","C","Toluene",0.00033866469863013705,16300.0,292.5,14,11,307.5,34.187049636693,-87.00548049714492,"N","",""
"CEOT0001","C","Xylenes (mixed)",0.01171027269041096,16300.0,292.5,14,11,307.5,34.187049636693,-87.00548049714492,"N","",""
"CEOT0001","C","Ethyl benzene",0.00022499523698630137,28600.0,292.5,14,12,303.9,34.22943265948456,-87.12887241417978,"N","",""
"CEOT0001","C","Toluene",0.00019103369178082193,28600.0,292.5,14,12,303.9,34.22943265948456,-87.12887241417978,"N","",""
"CEOT0001","C","Xylenes (mixed)",0.006605520542465754,28600.0,292.5,14,12,303.9,34.22943265948456,-87.12887241417978,"N","",""
"CEOT0001","C","Ethyl benzene",0.0001383946890410959,50000.0,292.5,14,13,225.2,34.30287057274203,-87.34384204982129,"N","",""
"CEOT0001","C","Toluene",0.00011750492465753425,50000.0,292.5,14,13,225.2,34.30287057274203,-87.34384204982129,"N","",""
"CEOT0001","C","Xylenes (mixed)",0.00406305917260274,50000.0,292.5,14,13,225.2,34.30287057274203,-87.34384204982129,"N","",""
"CEOT0001","C","Ethyl benzene",0.008530596123287673,100.0,315.0,15,1,233.7,34.1313310627399,-86.84292696340329,"N","",""
"CEOT0001","C","Toluene",0.00724295897260274,100.0,315.0,15,1,233.7,34.1313310627399,-86.84292696340329,"N","",""
"CEOT0001","C","Xylenes (mixed)",0.2504454258082192,100.0,315.0,15,1,233.7,34.1313310627399,-86.84292696340329,"N","",""
"CEOT0001","C","Ethyl benzene",0.01419928808219178,160.0,315.0,15,2,233.7,34.13171042965745,-86.84338176748942,"N","",""
"CEOT0001","C","Toluene",0.012055999315068493,160.0,315.0,15,2,233.7,34.13171042965745,-86.84338176748942,"N","",""
"CEOT0001","C","Xylenes (mixed)",0.41686966520547947,160.0,315.0,15,2,233.7,34.13171042965745,-86.84338176748942,"N","",""
"CEOT0001","C","Ethyl benzene",0.013458045328767125,260.0,315.0,15,3,233.7,34.13235173654066,-86.84415061220976,"N","",""
"CEOT0001","C","Toluene",0.011426642260273973,260.0,315.0,15,3,233.7,34.13235173654066,-86.84415061220976,"N","",""
"CEOT0001","C","Xylenes (mixed)",0.3951078968219178,260.0,315.0,15,3,233.7,34.13235173654066,-86.84415061220976,"N","",""
"CEOT0001","C","Ethyl benzene",0.008985294739726028,420.0,315.0,15,4,233.7,34.13337239805917,-86.84537429043336,"N","",""
"CEOT0001","C","Toluene",0.007629023835616439,420.0,315.0,15,4,233.7,34.13337239805917,-86.84537429043336,"N","",""
"CEOT0001","C","Xylenes (mixed)",0.26379469084931506,420.0,315.0,15,4,233.7,34.13337239805917,-86.84537429043336,"N","",""
"CEOT0001","C","Ethyl benzene",0.004988161068493152,680.0,315.0,15,5,219.2,34.13503433389177,-86.84736689137843,"N","",""
"CEOT0001","C","Toluene",0.004235231095890412,680.0,315.0,15,5,219.2,34.13503433389177,-86.84736689137843,"N","",""
"CEOT0001","C","Xylenes (mixed)",0.1464448796712329,680.0,315.0,15,5,219.2,34.13503433389177,-86.84736689137843,"N","",""
"CEOT0001","C","Ethyl benzene",0.00339025898630137,1110.0,315.0,15,6,219.1,34.137780069546885,-86.8506591855908,"N","",""
"CEOT0001","C","Toluene",0.0028785217808219177,1110.0,315.0,15,6,219.1,34.137780069546885,-86.8506591855908,"N","",""
"CEOT0001","C","Xylenes (mixed)",0.09953288646575344,1110.0,315.0,15,6,219.1,34.137780069546885,-86.8506591855908,"N","",""
"CEOT0001","C","Ethyl benzene",0.002814182383561644,1800.0,315.0,15,7,231.2,34.14218751182989,-86.85594462953001,"N","",""
"CEOT0001","C","Toluene",0.0023894001369863015,1800.0,315.0,15,7,231.2,34.14218751182989,-86.85594462953001,"N","",""
"CEOT0001","C","Xylenes (mixed)",0.08262014695890411,1800.0,315.0,15,7,231.2,34.14218751182989,-86.85594462953001,"N","",""
"CEOT0001","C","Ethyl benzene",0.00209812697260274,3000.0,315.0,15,8,245.7,34.14984580042667,-86.86513047717831,"N","",""
"CEOT0001","C","Toluene",0.0017814285616438359,3000.0,315.0,15,8,245.7,34.14984580042667,-86.86513047717831,"N","",""
"CEOT0001","C","Xylenes (mixed)",0.06159784093150685,3000.0,315.0,15,8,245.7,34.14984580042667,-86.86513047717831,"N","",""
"CEOT0001","C","Ethyl benzene",0.0010842632547945208,5300.0,315.0,15,9,293.2,34.16453729762243,-86.88275938215877,"N","",""
"CEOT0001","C","Toluene",0.0009206008767123289,5300.0,315.0,15,9,293.2,34.16453729762243,-86.88275938215877,"N","",""
"CEOT0001","C","Xylenes (mixed)",0.0318323325369863,5300.0,315.0,15,9,293.2,34.16453729762243,-86.88275938215877,"N","",""
"CEOT0001","C","Ethyl benzene",0.00038417863150684936,9300.0,315.0,15,10,320.1,34.190067510461176,-86.91341592604212,"N","",""
"CEOT0001","C","Toluene",0.00032618940410958906,9300.0,315.0,15,10,320.1,34.190067510461176,-86.91341592604212,"N","",""
"CEOT0001","C","Xylenes (mixed)",0.011278904728767126,9300.0,315.0,15,10,320.1,34.190067510461176,-86.91341592604212,"N","",""
"CEOT0001","C","Ethyl benzene",0.0001930033479452055,16300.0,315.0,15,11,337.6,34.2347357612836,-86.96712020831977,"N","",""
"CEOT0001","C","Toluene",0.00016387076712328768,16300.0,315.0,15,11,337.6,34.2347357612836,-86.96712020831977,"N","",""
"CEOT0001","C","Xylenes (mixed)",0.005666286969863013,16300.0,315.0,15,11,337.6,34.2347357612836,-86.96712020831977,"N","",""
"CEOT0001","C","Ethyl benzene",0.00020633190410958903,28600.0,315.0,15,12,282.3,34.313158717192316,-87.06161449118207,"N","",""
"CEOT0001","C","Toluene",0.00017518746575342467,28600.0,315.0,15,12,282.3,34.313158717192316,-87.06161449118207,"N","",""
"CEOT0001","C","Xylenes (mixed)",0.0060575932602739725,28600.0,315.0,15,12,282.3,34.313158717192316,-87.06161449118207,"N","",""
"CEOT0001","C","Ethyl benzene",9.631673301369864e-05,50000.0,315.0,15,13,195.4,34.44943032142017,-87.22644554193212,"N","",""
"CEOT0001","C","Toluene",8.177835821917809e-05,50000.0,315.0,15,13,195.4,34.44943032142017,-87.22644554193212,"N","",""
"CEOT0001","C","Xylenes (mixed)",0.0028277138975342465,50000.0,315.0,15,13,195.4,34.44943032142017,-87.22644554193212,"N","",""
"CEOT0001","C","Ethyl benzene",0.00793581197260274,100.0,337.5,16,1,233.7,34.1315199969752,-86.84256871729265,"N","",""
"CEOT0001","C","Toluene",0.006737953561643837,100.0,337.5,16,1,233.7,34.1315199969752,-86.84256871729265,"N","",""
"CEOT0001","C","Xylenes (mixed)",0.23298346093150687,100.0,337.5,16,1,233.7,34.1315199969752,-86.84256871729265,"N","",""
"CEOT0001","C","Ethyl benzene",0.014659993849315071,160.0,337.5,16,2,233.7,34.132025363304344,-86.8428172249322,"N","",""
"CEOT0001","C","Toluene",0.012447164589041097,160.0,337.5,16,2,233.7,34.132025363304344,-86.8428172249322,"N","",""
"CEOT0001","C","Xylenes (mixed)",0.4303952911232877,160.0,337.5,16,2,233.7,34.132025363304344,-86.8428172249322,"N","",""
"CEOT0001","C","Ethyl benzene",0.01571113849315069,260.0,337.5,16,3,233.7,34.1328556097908,-86.84322781791775,"N","",""
"CEOT0001","C","Toluene",0.01333964589041096,260.0,337.5,16,3,233.7,34.1328556097908,-86.84322781791775,"N","",""
"CEOT0001","C","Xylenes (mixed)",0.4612553112328768,260.0,337.5,16,3,233.7,34.1328556097908,-86.84322781791775,"N","",""
"CEOT0001","C","Ethyl benzene",0.011417535164383564,420.0,337.5,16,4,233.7,34.134191232623834,-86.84389778487582,"N","",""
"CEOT0001","C","Toluene",0.009694133630136987,420.0,337.5,16,4,233.7,34.134191232623834,-86.84389778487582,"N","",""
"CEOT0001","C","Xylenes (mixed)",0.335201598410959,420.0,337.5,16,4,233.7,34.134191232623834,-86.84389778487582,"N","",""
"CEOT0001","C","Ethyl benzene",0.0073536214931506855,680.0,337.5,16,5,233.7,34.13635707812847,-86.84496755381885,"N","",""
"CEOT0001","C","Toluene",0.006243640890410959,680.0,337.5,16,5,233.7,34.13635707812847,-86.84496755381885,"N","",""
"CEOT0001","C","Xylenes (mixed)",0.21589122723287674,680.0,337.5,16,5,233.7,34.13635707812847,-86.84496755381885,"N","",""
"CEOT0001","C","Ethyl benzene",0.004099865095890411,1110.0,337.5,16,6,224.4,34.139948761192656,-86.84675065551069,"N","",""
"CEOT0001","C","Toluene",0.0034810175342465757,1110.0,337.5,16,6,224.4,34.139948761192656,-86.84675065551069,"N","",""
"CEOT0001","C","Xylenes (mixed)",0.12036585073972604,1110.0,337.5,16,6,224.4,34.139948761192656,-86.84675065551069,"N","",""
"CEOT0001","C","Ethyl benzene",0.0029179353287671237,1800.0,337.5,16,7,237.6,34.145697200439024,-86.8496039278631,"N","",""
"CEOT0001","C","Toluene",0.002477492260273973,1800.0,337.5,16,7,237.6,34.145697200439024,-86.8496039278631,"N","",""
"CEOT0001","C","Xylenes (mixed)",0.08566617682191781,1800.0,337.5,16,7,237.6,34.145697200439024,-86.8496039278631,"N","",""
"CEOT0001","C","Ethyl benzene",0.0018404903424657536,3000.0,337.5,16,8,247.2,34.15570490316818,-86.85456562528759,"N","",""
"CEOT0001","C","Toluene",0.001562680479452055,3000.0,337.5,16,8,247.2,34.15570490316818,-86.85456562528759,"N","",""
"CEOT0001","C","Xylenes (mixed)",0.05403401835616439,3000.0,337.5,16,8,247.2,34.15570490316818,-86.85456562528759,"N","",""
"CEOT0001","C","Ethyl benzene",0.0006589966273972604,5300.0,337.5,16,9,304.0,34.17488047743265,-86.86408152926789,"N","",""
"CEOT0001","C","Toluene",0.0005595254383561644,5300.0,337.5,16,9,304.0,34.17488047743265,-86.86408152926789,"N","",""
"CEOT0001","C","Xylenes (mixed)",0.019347146268493154,5300.0,337.5,16,9,304.0,34.17488047743265,-86.86408152926789,"N","",""
"CEOT0001","C","Ethyl benzene",0.0003516775068493151,9300.0,337.5,16,10,312.1,34.20822154913641,-86.88064730021738,"N","",""
"CEOT0001","C","Toluene",0.0002985941095890411,9300.0,337.5,16,10,312.1,34.20822154913641,-86.88064730021738,"N","",""
"CEOT0001","C","Xylenes (mixed)",0.010324720767123288,9300.0,337.5,16,10,312.1,34.20822154913641,-86.88064730021738,"N","",""
"CEOT0001","C","Ethyl benzene",0.0001703149191780822,16300.0,337.5,16,11,328.5,34.26656942372984,-86.90966601848798,"N","",""
"CEOT0001","C","Toluene",0.00014460700684931508,16300.0,337.5,16,11,328.5,34.26656942372984,-86.90966601848798,"N","",""
"CEOT0001","C","Xylenes (mixed)",0.005000188947945206,16300.0,337.5,16,11,328.5,34.26656942372984,-86.90966601848798,"N","",""
"CEOT0001","C","Ethyl benzene",8.516416808219179e-05,28600.0,337.5,16,12,341.6,34.369082112398516,-86.96074892182288,"N","",""
"CEOT0001","C","Toluene",7.230919931506851e-05,28600.0,337.5,16,12,341.6,34.369082112398516,-86.96074892182288,"N","",""
"CEOT0001","C","Xylenes (mixed)",0.00250029142520548,28600.0,337.5,16,12,341.6,34.369082112398516,-86.96074892182288,"N","",""
"CEOT0001","C","Ethyl benzene",8.292932506849315e-05,50000.0,337.5,16,13,219.4,34.547377928096786,-87.04991755816638,"N","",""
"CEOT0001","C","Toluene",7.041169109589041e-05,50000.0,337.5,16,13,219.4,34.547377928096786,-87.04991755816638,"N","",""
"CEOT0001","C","Xylenes (mixed)",0.002434679807671233,50000.0,337.5,16,13,219.4,34.547377928096786,-87.04991755816638,"N","",""
