"Latitude","Longitude","Overlap","Elevation (m)","X","Y","Hill","MIR","Respiratory HI","Liver HI","Neurological HI","Developmental HI","Reproductive HI","Kidney HI","Ocular HI","Endocrine HI","Hematological HI","Immunological HI","Skeletal HI","Spleen HI","Thyroid HI","Whole body HI","Distance (m)","Angle (from north)","Sector"
34.1315916165,-86.8421564608,"N",234,514554,3776758,234,1.9087340137e-08,0.0,0.0,0.00224279847995,7.63493605479e-06,0.0,0.0,0.0,0.0,0.0,0.0,0.0,0.0,0.0,0.0,100.0,0.0,1
34.1323131119,-86.8421551196,"N",234,514554,3776838,234,3.59260391096e-08,0.0,0.0,0.00422137738036,1.43704156438e-05,0.0,0.0,0.0,0.0,0.0,0.0,0.0,0.0,0.0,0.0,180.0,0.0,1
34.1335757286,-86.8421527725,"N",234,514554,3776978,234,2.97202255479e-08,0.0,0.0,0.00349218257778,1.18880902192e-05,0.0,0.0,0.0,0.0,0.0,0.0,0.0,0.0,0.0,0.0,320.0,0.0,1
34.1357402137,-86.8421487484,"N",234,514554,3777218,234,1.67344886301e-08,0.0,0.0,0.00196633398855,6.69379545205e-06,0.0,0.0,0.0,0.0,0.0,0.0,0.0,0.0,0.0,0.0,560.0,0.0,1
34.1396182476,-86.8421415376,"N",217,514554,3777648,217,8.01047445205e-09,0.0,0.0,0.000941245862219,3.20418978082e-06,0.0,0.0,0.0,0.0,0.0,0.0,0.0,0.0,0.0,0.0,990.0,0.0,1
34.1464724411,-86.8421287896,"N",230,514554,3778408,230,5.32742023973e-09,0.0,0.0,0.000625981929904,2.13096809589e-06,0.0,0.0,0.0,0.0,0.0,0.0,0.0,0.0,0.0,0.0,1750.0,0.0,1
34.1577457691,-86.842107813,"N",244,514554,3779658,244,3.4986545137e-09,0.0,0.0,0.000411098506595,1.39946180548e-06,0.0,0.0,0.0,0.0,0.0,0.0,0.0,0.0,0.0,0.0,3000.0,0.0,1
34.1739793248,-86.8420775862,"N",264,514554,3781458,264,2.65261442466e-09,0.0,0.0,0.00031168719983,1.06104576986e-06,0.0,0.0,0.0,0.0,0.0,0.0,0.0,0.0,0.0,0.0,4800.0,0.0,1
34.2001332963,-86.8420288367,"N",304,514554,3784358,304,9.27266219178e-10,0.0,0.0,0.000108955530312,3.70906487671e-07,0.0,0.0,0.0,0.0,0.0,0.0,0.0,0.0,0.0,0.0,7700.0,0.0,1
34.241618677,-86.8419513808,"N",321,514554,3788958,321,4.59703304795e-10,0.0,0.0,5.40160056781e-05,1.83881321918e-07,0.0,0.0,0.0,0.0,0.0,0.0,0.0,0.0,0.0,0.0,12300.0,0.0,1
34.3083554382,-86.841826445,"N",330,514554,3796358,330,2.68515442808e-10,0.0,0.0,3.15510711629e-05,1.07406177123e-07,0.0,0.0,0.0,0.0,0.0,0.0,0.0,0.0,0.0,0.0,19700.0,0.0,1
34.4147720089,-86.841626371,"N",347,514554,3808158,347,1.43696304452e-10,0.0,0.0,1.68845868982e-05,5.74785217808e-08,0.0,0.0,0.0,0.0,0.0,0.0,0.0,0.0,0.0,0.0,31500.0,0.0,1
34.5816078114,-86.8413105761,"N",265,514554,3826658,265,1.67857933562e-10,0.0,0.0,1.97236239066e-05,6.71431734247e-08,0.0,0.0,0.0,0.0,0.0,0.0,0.0,0.0,0.0,0.0,50000.0,0.0,1
34.1315189365,-86.8417444725,"N",234,514592,3776750,234,1.95426791096e-08,0.0,0.0,0.00229630166836,7.81707164384e-06,0.0,0.0,0.0,0.0,0.0,0.0,0.0,0.0,0.0,0.0,100.0,22.5,2
34.132185886,-86.8414070209,"N",234,514623,3776824,234,3.60809061986e-08,0.0,0.0,0.00423957455552,1.44323624795e-05,0.0,0.0,0.0,0.0,0.0,0.0,0.0,0.0,0.0,0.0,180.0,22.5,2
34.133357572,-86.8408300164,"N",234,514676,3776954,234,2.93984465753e-08,0.0,0.0,0.00345437294137,1.17593786301e-05,0.0,0.0,0.0,0.0,0.0,0.0,0.0,0.0,0.0,0.0,320.0,22.5,2
34.1353494045,-86.839828465,"N",226,514768,3777175,226,1.47312029795e-08,0.0,0.0,0.00173094414481,5.89248119178e-06,0.0,0.0,0.0,0.0,0.0,0.0,0.0,0.0,0.0,0.0,560.0,22.5,2
34.1389364927,-86.8380320579,"N",225,514933,3777573,225,7.52323202055e-09,0.0,0.0,0.000883993957192,3.00929280822e-06,0.0,0.0,0.0,0.0,0.0,0.0,0.0,0.0,0.0,0.0,990.0,22.5,2
34.1452633977,-86.8348634766,"N",223,515224,3778275,223,4.1408555137e-09,0.0,0.0,0.000486558335795,1.65634220548e-06,0.0,0.0,0.0,0.0,0.0,0.0,0.0,0.0,0.0,0.0,1750.0,22.5,2
34.1556728655,-86.8296576645,"N",227,515702,3779430,227,2.71650519863e-09,0.0,0.0,0.000319194486321,1.08660207945e-06,0.0,0.0,0.0,0.0,0.0,0.0,0.0,0.0,0.0,0.0,3000.0,22.5,2
34.1706602589,-86.8221516678,"N",240,516391,3781093,240,1.98741015411e-09,0.0,0.0,0.000233524442938,7.94964061644e-07,0.0,0.0,0.0,0.0,0.0,0.0,0.0,0.0,0.0,0.0,4800.0,22.5,2
34.1948030496,-86.8100536772,"N",257,517501,3783772,257,1.40290219521e-09,0.0,0.0,0.000164843654922,5.61160878082e-07,0.0,0.0,0.0,0.0,0.0,0.0,0.0,0.0,0.0,0.0,7700.0,22.5,2
34.233100807,-86.7908570279,"N",281,519261,3788022,281,1.01620711644e-09,0.0,0.0,0.000119406253553,4.06482846575e-07,0.0,0.0,0.0,0.0,0.0,0.0,0.0,0.0,0.0,0.0,12300.0,22.5,2
34.2946946472,-86.7599312579,"N",348,522093,3794858,348,1.86142770205e-10,0.0,0.0,2.18721267119e-05,7.44571080822e-08,0.0,0.0,0.0,0.0,0.0,0.0,0.0,0.0,0.0,0.0,19700.0,22.5,2
34.3929061643,-86.7105219785,"N",354,526609,3805760,354,1.15266396575e-10,0.0,0.0,1.35440190814e-05,4.61065586301e-08,0.0,0.0,0.0,0.0,0.0,0.0,0.0,0.0,0.0,0.0,31500.0,22.5,2
34.5468361225,-86.6328367391,"N",391,533688,3822852,391,5.70805099315e-11,0.0,0.0,6.70706761603e-06,2.28322039726e-08,0.0,0.0,0.0,0.0,0.0,0.0,0.0,0.0,0.0,0.0,50000.0,22.5,2
34.1313290822,-86.8413869305,"N",234,514625,3776729,234,1.96319096918e-08,0.0,0.0,0.00230678643012,7.85276387671e-06,0.0,0.0,0.0,0.0,0.0,0.0,0.0,0.0,0.0,0.0,100.0,45.0,3
34.131833343,-86.8407786466,"N",234,514681,3776785,234,3.589425e-08,0.0,0.0,0.0042176421,1.43577e-05,0.0,0.0,0.0,0.0,0.0,0.0,0.0,0.0,0.0,0.0,180.0,45.0,3
34.1327247965,-86.83970327,"N",234,514780,3776884,234,2.77803656507e-08,0.0,0.0,0.00326424537974,1.11121462603e-05,0.0,0.0,0.0,0.0,0.0,0.0,0.0,0.0,0.0,0.0,320.0,45.0,3
34.1342555527,-86.8378566109,"N",226,514950,3777054,226,1.30064722603e-08,0.0,0.0,0.0015282850311,5.20258890411e-06,0.0,0.0,0.0,0.0,0.0,0.0,0.0,0.0,0.0,0.0,560.0,45.0,3
34.1369928345,-86.834554184,"N",226,515254,3777358,226,6.06996657534e-09,0.0,0.0,0.00071323252537,2.42798663014e-06,0.0,0.0,0.0,0.0,0.0,0.0,0.0,0.0,0.0,0.0,990.0,45.0,3
34.141827877,-86.8287201004,"N",220,515791,3777895,220,3.02516830479e-09,0.0,0.0,0.000355462983678,1.21006732192e-06,0.0,0.0,0.0,0.0,0.0,0.0,0.0,0.0,0.0,0.0,1750.0,45.0,3
34.1497866226,-86.8191146862,"N",227,516675,3778779,227,1.89026278767e-09,0.0,0.0,0.000222109444085,7.56105115068e-07,0.0,0.0,0.0,0.0,0.0,0.0,0.0,0.0,0.0,0.0,3000.0,45.0,3
34.1612462274,-86.8052792894,"N",233,517948,3780052,233,1.34464503082e-09,0.0,0.0,0.000157998328188,5.37858012329e-07,0.0,0.0,0.0,0.0,0.0,0.0,0.0,0.0,0.0,0.0,4800.0,45.0,3
34.1797060697,-86.782980459,"N",257,519999,3782103,257,8.67350989726e-10,0.0,0.0,0.000101915377804,3.4694039589e-07,0.0,0.0,0.0,0.0,0.0,0.0,0.0,0.0,0.0,0.0,7700.0,45.0,3
34.2089669018,-86.7476042322,"N",287,523251,3785355,287,5.28301458904e-10,0.0,0.0,6.20764182164e-05,2.11320583562e-07,0.0,0.0,0.0,0.0,0.0,0.0,0.0,0.0,0.0,0.0,12300.0,45.0,3
34.2560303977,-86.6906267423,"N",324,528484,3790588,324,1.70214291781e-10,0.0,0.0,2.00005004433e-05,6.80857167123e-08,0.0,0.0,0.0,0.0,0.0,0.0,0.0,0.0,0.0,0.0,19700.0,45.0,3
34.3310166128,-86.5996449897,"N",341,536828,3798932,341,9.41315938356e-11,0.0,0.0,1.10606398825e-05,3.76526375342e-08,0.0,0.0,0.0,0.0,0.0,0.0,0.0,0.0,0.0,0.0,31500.0,45.0,3
34.4484328507,-86.4566854777,"N",366,549909,3812013,366,5.06941006849e-11,0.0,0.0,5.95665247973e-06,2.0277640274e-08,0.0,0.0,0.0,0.0,0.0,0.0,0.0,0.0,0.0,0.0,50000.0,45.0,3
34.131031171,-86.8411597359,"N",234,514646,3776696,234,1.85888152397e-08,0.0,0.0,0.0021842208639,7.43552609589e-06,0.0,0.0,0.0,0.0,0.0,0.0,0.0,0.0,0.0,0.0,100.0,67.5,4
34.1313097097,-86.8403566608,"N",234,514720,3776727,234,3.23688225e-08,0.0,0.0,0.003803397717,1.2947529e-05,0.0,0.0,0.0,0.0,0.0,0.0,0.0,0.0,0.0,0.0,180.0,67.5,4
34.1317858593,-86.8389458655,"N",234,514850,3776780,234,2.32024670548e-08,0.0,0.0,0.00272633365718,9.28098682192e-06,0.0,0.0,0.0,0.0,0.0,0.0,0.0,0.0,0.0,0.0,320.0,67.5,4
34.1326124117,-86.8365474443,"N",234,515071,3776872,234,1.07548198973e-08,0.0,0.0,0.00126371163004,4.3019279589e-06,0.0,0.0,0.0,0.0,0.0,0.0,0.0,0.0,0.0,0.0,560.0,67.5,4
34.1340946732,-86.8322280104,"N",226,515469,3777037,226,4.35183e-09,0.0,0.0,0.000511348236,1.740732e-06,0.0,0.0,0.0,0.0,0.0,0.0,0.0,0.0,0.0,0.0,990.0,67.5,4
34.1367084701,-86.8246089447,"N",231,516171,3777328,231,2.34509481164e-09,0.0,0.0,0.000275553065075,9.38037924658e-07,0.0,0.0,0.0,0.0,0.0,0.0,0.0,0.0,0.0,0.0,1750.0,67.5,4
34.1410008603,-86.8120723012,"N",233,517326,3777806,233,1.68386608562e-09,0.0,0.0,0.000197857442166,6.73546434247e-07,0.0,0.0,0.0,0.0,0.0,0.0,0.0,0.0,0.0,0.0,3000.0,67.5,4
34.1471857765,-86.794019471,"N",237,518989,3778495,237,1.32576214726e-09,0.0,0.0,0.000155779553741,5.30304858904e-07,0.0,0.0,0.0,0.0,0.0,0.0,0.0,0.0,0.0,0.0,4800.0,67.5,4
34.1571442498,-86.7649318616,"N",237,521668,3779605,237,9.87589294521e-10,0.0,0.0,0.000116043605482,3.95035717808e-07,0.0,0.0,0.0,0.0,0.0,0.0,0.0,0.0,0.0,0.0,7700.0,67.5,4
34.1729199794,-86.7187729978,"N",268,525918,3781365,268,7.50653702055e-10,0.0,0.0,8.82032263192e-05,3.00261480822e-07,0.0,0.0,0.0,0.0,0.0,0.0,0.0,0.0,0.0,0.0,12300.0,67.5,4
34.1982679105,-86.644491986,"N",293,532754,3784197,293,3.6368494726e-10,0.0,0.0,4.27336675011e-05,1.45473978904e-07,0.0,0.0,0.0,0.0,0.0,0.0,0.0,0.0,0.0,0.0,19700.0,67.5,4
34.2385945595,-86.5259380306,"N",341,543656,3788713,341,1.0312554863e-10,0.0,0.0,1.21174465405e-05,4.12502194521e-08,0.0,0.0,0.0,0.0,0.0,0.0,0.0,0.0,0.0,0.0,31500.0,67.5,4
34.3015744108,-86.3398460165,"N",335,560748,3795792,335,7.57872955479e-11,0.0,0.0,8.90515022178e-06,3.03149182192e-08,0.0,0.0,0.0,0.0,0.0,0.0,0.0,0.0,0.0,0.0,50000.0,67.5,4
34.1306883484,-86.8410736152,"N",234,514654,3776658,234,1.63303781507e-08,0.0,0.0,0.00191885024474,6.53215126027e-06,0.0,0.0,0.0,0.0,0.0,0.0,0.0,0.0,0.0,0.0,100.0,90.0,5
34.1306872224,-86.8402059976,"N",234,514734,3776658,234,2.86978664384e-08,0.0,0.0,0.00337205345342,1.14791465753e-05,0.0,0.0,0.0,0.0,0.0,0.0,0.0,0.0,0.0,0.0,180.0,90.0,5
34.1306852373,-86.838687667,"N",234,514874,3776658,234,2.18242528767e-08,0.0,0.0,0.00256439089085,8.72970115068e-06,0.0,0.0,0.0,0.0,0.0,0.0,0.0,0.0,0.0,0.0,320.0,90.0,5
34.1306817905,-86.836084815,"N",234,515114,3776658,234,1.07054591096e-08,0.0,0.0,0.00125791164436,4.28218364384e-06,0.0,0.0,0.0,0.0,0.0,0.0,0.0,0.0,0.0,0.0,560.0,90.0,5
34.130675477,-86.8314213728,"N",226,515544,3776658,226,4.31089294521e-09,0.0,0.0,0.000506538054822,1.72435717808e-06,0.0,0.0,0.0,0.0,0.0,0.0,0.0,0.0,0.0,0.0,990.0,90.0,5
34.1306638851,-86.8231790135,"N",224,516304,3776658,224,1.99343636301e-09,0.0,0.0,0.000234232533855,7.97374545205e-07,0.0,0.0,0.0,0.0,0.0,0.0,0.0,0.0,0.0,0.0,1750.0,90.0,5
34.1306436162,-86.809622512,"N",226,517554,3776658,226,1.21139377397e-09,0.0,0.0,0.00014234105409,4.84557509589e-07,0.0,0.0,0.0,0.0,0.0,0.0,0.0,0.0,0.0,0.0,3000.0,90.0,5
34.1306117999,-86.7901011749,"N",227,519354,3776658,227,9.12294082192e-10,0.0,0.0,0.000107196275967,3.64917632877e-07,0.0,0.0,0.0,0.0,0.0,0.0,0.0,0.0,0.0,0.0,4800.0,90.0,5
34.1305540128,-86.7586502006,"N",231,522254,3776658,231,7.42980863014e-10,0.0,0.0,8.73016532548e-05,2.97192345205e-07,0.0,0.0,0.0,0.0,0.0,0.0,0.0,0.0,0.0,0.0,7700.0,90.0,5
34.1304458285,-86.7087626499,"N",232,526854,3776658,232,5.57498650685e-10,0.0,0.0,6.55071433397e-05,2.22999460274e-07,0.0,0.0,0.0,0.0,0.0,0.0,0.0,0.0,0.0,0.0,12300.0,90.0,5
34.1302292676,-86.6285093957,"N",252,534254,3776658,252,3.47231224315e-10,0.0,0.0,4.08003240103e-05,1.38892489726e-07,0.0,0.0,0.0,0.0,0.0,0.0,0.0,0.0,0.0,0.0,19700.0,90.0,5
34.129775448,-86.5005400626,"N",330,546054,3776658,330,9.6649184589e-11,0.0,0.0,1.13564615462e-05,3.86596738356e-08,0.0,0.0,0.0,0.0,0.0,0.0,0.0,0.0,0.0,0.0,31500.0,90.0,5
34.1287955435,-86.2999171062,"N",374,564554,3776658,374,4.21217136986e-11,0.0,0.0,4.94938083452e-06,1.68486854795e-08,0.0,0.0,0.0,0.0,0.0,0.0,0.0,0.0,0.0,0.0,50000.0,90.0,5
34.1303457503,-86.841161018,"N",234,514646,3776620,234,1.57494836301e-08,0.0,0.0,0.00185059404255,6.29979345205e-06,0.0,0.0,0.0,0.0,0.0,0.0,0.0,0.0,0.0,0.0,100.0,112.5,6
34.1300651301,-86.8403590006,"N",234,514720,3776589,234,2.97941333219e-08,0.0,0.0,0.00350086688067,1.19176533288e-05,0.0,0.0,0.0,0.0,0.0,0.0,0.0,0.0,0.0,0.0,180.0,112.5,6
34.1295852983,-86.838950039,"N",234,514850,3776536,234,2.42088553767e-08,0.0,0.0,0.00284458618385,9.68354215068e-06,0.0,0.0,0.0,0.0,0.0,0.0,0.0,0.0,0.0,0.0,320.0,112.5,6
34.1287524118,-86.8365548739,"N",234,515071,3776444,234,1.26698659932e-08,0.0,0.0,0.0014887331596,5.06794639726e-06,0.0,0.0,0.0,0.0,0.0,0.0,0.0,0.0,0.0,0.0,560.0,112.5,6
34.1272585067,-86.832241516,"N",225,515469,3776279,225,5.7296630137e-09,0.0,0.0,0.000673246214795,2.29186520548e-06,0.0,0.0,0.0,0.0,0.0,0.0,0.0,0.0,0.0,0.0,990.0,112.5,6
34.1246234311,-86.8246339036,"N",223,516171,3775988,223,3.15038080479e-09,0.0,0.0,0.000370175688678,1.26015232192e-06,0.0,0.0,0.0,0.0,0.0,0.0,0.0,0.0,0.0,0.0,1750.0,112.5,6
34.1202939719,-86.8121181209,"N",220,517326,3775510,220,2.0321207363e-09,0.0,0.0,0.000238778020705,8.12848294521e-07,0.0,0.0,0.0,0.0,0.0,0.0,0.0,0.0,0.0,0.0,3000.0,112.5,6
34.1140511834,-86.7940998278,"N",218,518989,3774821,218,1.43737470205e-09,0.0,0.0,0.000168894239519,5.74949880822e-07,0.0,0.0,0.0,0.0,0.0,0.0,0.0,0.0,0.0,0.0,4800.0,112.5,6
34.1039883132,-86.7650789603,"N",219,521668,3773711,219,9.85058363014e-10,0.0,0.0,0.000115746216255,3.94023345205e-07,0.0,0.0,0.0,0.0,0.0,0.0,0.0,0.0,0.0,0.0,7700.0,112.5,6
34.0880186941,-86.719054028,"N",201,525918,3771951,201,5.88239558219e-10,0.0,0.0,6.91192579767e-05,2.35295823288e-07,0.0,0.0,0.0,0.0,0.0,0.0,0.0,0.0,0.0,0.0,12300.0,112.5,6
34.0622861395,-86.6450608132,"N",353,532754,3769119,353,1.42175077397e-10,0.0,0.0,1.6705839849e-05,5.68700309589e-08,0.0,0.0,0.0,0.0,0.0,0.0,0.0,0.0,0.0,0.0,19700.0,112.5,6
34.021160442,-86.5271503112,"N",309,543656,3764603,309,1.55461705479e-10,0.0,0.0,1.82670437178e-05,6.21846821918e-08,0.0,0.0,0.0,0.0,0.0,0.0,0.0,0.0,0.0,0.0,31500.0,112.5,6
33.9564685173,-86.3425233853,"N",385,560748,3757524,385,4.95037243151e-11,0.0,0.0,5.81678101027e-06,1.9801489726e-08,0.0,0.0,0.0,0.0,0.0,0.0,0.0,0.0,0.0,0.0,50000.0,112.5,6
34.1300484278,-86.8413893225,"N",234,514625,3776587,234,1.46670148973e-08,0.0,0.0,0.00172340192404,5.8668059589e-06,0.0,0.0,0.0,0.0,0.0,0.0,0.0,0.0,0.0,0.0,100.0,135.0,7
34.1295425949,-86.8407829417,"N",234,514681,3776531,234,2.86833440753e-08,0.0,0.0,0.00337034704837,1.14733376301e-05,0.0,0.0,0.0,0.0,0.0,0.0,0.0,0.0,0.0,0.0,180.0,135.0,7
34.1286483473,-86.8397109648,"N",234,514780,3776432,234,2.41533578425e-08,0.0,0.0,0.00283806511886,9.66134313699e-06,0.0,0.0,0.0,0.0,0.0,0.0,0.0,0.0,0.0,0.0,320.0,135.0,7
34.1271127487,-86.8378702489,"N",234,514950,3776262,234,1.34244571233e-08,0.0,0.0,0.00157739904115,5.36978284932e-06,0.0,0.0,0.0,0.0,0.0,0.0,0.0,0.0,0.0,0.0,560.0,135.0,7
34.1243666677,-86.8345787817,"N",219,515254,3775958,219,6.43405479452e-09,0.0,0.0,0.000756013578082,2.57362191781e-06,0.0,0.0,0.0,0.0,0.0,0.0,0.0,0.0,0.0,0.0,990.0,135.0,7
34.1195156433,-86.8287650983,"N",219,515791,3775421,219,4.13315599315e-09,0.0,0.0,0.000485653627603,1.65326239726e-06,0.0,0.0,0.0,0.0,0.0,0.0,0.0,0.0,0.0,0.0,1750.0,135.0,7
34.1115293686,-86.8191961602,"N",216,516675,3774537,216,2.97058175342e-09,0.0,0.0,0.000349048960899,1.18823270137e-06,0.0,0.0,0.0,0.0,0.0,0.0,0.0,0.0,0.0,0.0,3000.0,135.0,7
34.1000274542,-86.805419616,"N",224,517948,3773264,224,2.30590730137e-09,0.0,0.0,0.000270948458679,9.22362920548e-07,0.0,0.0,0.0,0.0,0.0,0.0,0.0,0.0,0.0,0.0,4800.0,135.0,7
34.0814928241,-86.7832313109,"N",199,519999,3771213,199,1.34542641781e-09,0.0,0.0,0.000158090142633,5.38170567123e-07,0.0,0.0,0.0,0.0,0.0,0.0,0.0,0.0,0.0,0.0,7700.0,135.0,7
34.0520966638,-86.7480700553,"N",206,523251,3767961,206,8.42037863014e-10,0.0,0.0,9.89410376548e-05,3.36815145205e-07,0.0,0.0,0.0,0.0,0.0,0.0,0.0,0.0,0.0,0.0,12300.0,135.0,7
34.0047722832,-86.6915407711,"N",369,528484,3762728,369,1.64997294863e-10,0.0,0.0,1.93874934621e-05,6.59989179452e-08,0.0,0.0,0.0,0.0,0.0,0.0,0.0,0.0,0.0,0.0,19700.0,135.0,7
33.9292600716,-86.6015346371,"N",336,536828,3754384,336,1.44901927397e-10,0.0,0.0,1.7026249869e-05,5.79607709589e-08,0.0,0.0,0.0,0.0,0.0,0.0,0.0,0.0,0.0,0.0,31500.0,135.0,7
33.8107470365,-86.4607501813,"N",428,549909,3741303,428,4.69354386986e-11,0.0,0.0,5.51500260452e-06,1.87741754795e-08,0.0,0.0,0.0,0.0,0.0,0.0,0.0,0.0,0.0,0.0,50000.0,135.0,7
34.1298594969,-86.841747565,"N",234,514592,3776566,234,1.54731394521e-08,0.0,0.0,0.00181812308022,6.18925578082e-06,0.0,0.0,0.0,0.0,0.0,0.0,0.0,0.0,0.0,0.0,100.0,157.5,8
34.1291916797,-86.8414126128,"N",234,514623,3776492,234,3.05119802055e-08,0.0,0.0,0.00358521524392,1.22047920822e-05,0.0,0.0,0.0,0.0,0.0,0.0,0.0,0.0,0.0,0.0,180.0,157.5,8
34.1280185056,-86.8408400236,"N",230,514676,3776362,230,2.4002797911e-08,0.0,0.0,0.00282037404284,9.60111916438e-06,0.0,0.0,0.0,0.0,0.0,0.0,0.0,0.0,0.0,0.0,320.0,157.5,8
34.1260240761,-86.8398460534,"N",230,514768,3776141,230,1.42450659247e-08,0.0,0.0,0.00167382212363,5.69802636986e-06,0.0,0.0,0.0,0.0,0.0,0.0,0.0,0.0,0.0,0.0,560.0,157.5,8
34.1224322863,-86.8380635341,"N",219,514933,3775743,219,7.34313184932e-09,0.0,0.0,0.00086283184726,2.93725273973e-06,0.0,0.0,0.0,0.0,0.0,0.0,0.0,0.0,0.0,0.0,990.0,157.5,8
34.1160969521,-86.8349201856,"N",233,515224,3775041,233,5.35604568493e-09,0.0,0.0,0.000629345473726,2.14241827397e-06,0.0,0.0,0.0,0.0,0.0,0.0,0.0,0.0,0.0,0.0,1750.0,157.5,8
34.1056732577,-86.8297579322,"N",244,515702,3773886,244,3.62939008562e-09,0.0,0.0,0.000426460182966,1.45175603425e-06,0.0,0.0,0.0,0.0,0.0,0.0,0.0,0.0,0.0,0.0,3000.0,157.5,8
34.0906645256,-86.8223191281,"N",275,516391,3772223,275,2.99074916096e-09,0.0,0.0,0.000351418669336,1.19629966438e-06,0.0,0.0,0.0,0.0,0.0,0.0,0.0,0.0,0.0,0.0,4800.0,157.5,8
34.0664852903,-86.810340484,"N",277,517501,3769544,277,1.71208368493e-09,0.0,0.0,0.000201173063326,6.84833473973e-07,0.0,0.0,0.0,0.0,0.0,0.0,0.0,0.0,0.0,0.0,7700.0,157.5,8
34.0281245173,-86.7913612514,"N",232,519261,3765294,232,1.0894440411e-09,0.0,0.0,0.000128011730384,4.35777616438e-07,0.0,0.0,0.0,0.0,0.0,0.0,0.0,0.0,0.0,0.0,12300.0,157.5,8
33.9664158164,-86.7608575334,"N",324,522093,3758458,324,3.07315308904e-10,0.0,0.0,3.61101286364e-05,1.22926123562e-07,0.0,0.0,0.0,0.0,0.0,0.0,0.0,0.0,0.0,0.0,19700.0,157.5,8
33.8679867804,-86.7123058748,"N",274,526609,3747556,274,3.19706200685e-10,0.0,0.0,3.75660817997e-05,1.27882480274e-07,0.0,0.0,0.0,0.0,0.0,0.0,0.0,0.0,0.0,0.0,31500.0,157.5,8
33.7136308491,-86.6364217531,"N",409,533688,3730464,409,6.03185013699e-11,0.0,0.0,7.08753771945e-06,2.41274005479e-08,0.0,0.0,0.0,0.0,0.0,0.0,0.0,0.0,0.0,0.0,50000.0,157.5,8
34.1297878777,-86.8421598135,"N",234,514554,3776558,234,1.58342164726e-08,0.0,0.0,0.00186055031141,6.33368658904e-06,0.0,0.0,0.0,0.0,0.0,0.0,0.0,0.0,0.0,0.0,100.0,180.0,9
34.1290663821,-86.8421611545,"N",234,514554,3776478,234,3.21458032192e-08,0.0,0.0,0.00377719253071,1.28583212877e-05,0.0,0.0,0.0,0.0,0.0,0.0,0.0,0.0,0.0,0.0,180.0,180.0,9
34.1278037645,-86.8421635011,"N",230,514554,3776338,230,2.54179850342e-08,0.0,0.0,0.00298666119999,1.01671940137e-05,0.0,0.0,0.0,0.0,0.0,0.0,0.0,0.0,0.0,0.0,320.0,180.0,9
34.1256392766,-86.8421675236,"N",230,514554,3776098,230,1.57665597945e-08,0.0,0.0,0.00185260052408,6.30662391781e-06,0.0,0.0,0.0,0.0,0.0,0.0,0.0,0.0,0.0,0.0,560.0,180.0,9
34.1217612338,-86.8421747294,"N",230,514554,3775668,230,9.00809599315e-09,0.0,0.0,0.0010584682756,3.60323839726e-06,0.0,0.0,0.0,0.0,0.0,0.0,0.0,0.0,0.0,0.0,990.0,180.0,9
34.1149070126,-86.842187462,"N",233,514554,3774908,233,5.56095965753e-09,0.0,0.0,0.000653423252137,2.22438386301e-06,0.0,0.0,0.0,0.0,0.0,0.0,0.0,0.0,0.0,0.0,1750.0,180.0,9
34.1036336058,-86.8422083943,"N",217,514554,3773658,217,3.05690786301e-09,0.0,0.0,0.000359192441655,1.22276314521e-06,0.0,0.0,0.0,0.0,0.0,0.0,0.0,0.0,0.0,0.0,3000.0,180.0,9
34.0873998637,-86.8422385164,"N",264,514554,3771858,264,2.64653485274e-09,0.0,0.0,0.000310972838659,1.0586139411e-06,0.0,0.0,0.0,0.0,0.0,0.0,0.0,0.0,0.0,0.0,4800.0,180.0,9
34.0612454109,-86.8422869957,"N",271,514554,3768958,271,1.61466950342e-09,0.0,0.0,0.000189726713199,6.4586780137e-07,0.0,0.0,0.0,0.0,0.0,0.0,0.0,0.0,0.0,0.0,7700.0,180.0,9
34.0197588088,-86.8423637659,"N",263,514554,3764358,263,8.96967462329e-10,0.0,0.0,0.000105395369215,3.58786984932e-07,0.0,0.0,0.0,0.0,0.0,0.0,0.0,0.0,0.0,0.0,12300.0,180.0,9
33.9530189038,-86.8424869366,"N",203,514554,3756958,203,4.98189472603e-10,0.0,0.0,5.8538203011e-05,1.99275789041e-07,0.0,0.0,0.0,0.0,0.0,0.0,0.0,0.0,0.0,0.0,19700.0,180.0,9
33.8465943121,-86.8426825073,"N",345,514554,3745158,345,1.29684320548e-10,0.0,0.0,1.52381523518e-05,5.18737282192e-08,0.0,0.0,0.0,0.0,0.0,0.0,0.0,0.0,0.0,0.0,31500.0,180.0,9
33.6797384927,-86.8429870632,"N",209,514554,3726658,209,1.69880391781e-10,0.0,0.0,1.99612665633e-05,6.79521567123e-08,0.0,0.0,0.0,0.0,0.0,0.0,0.0,0.0,0.0,0.0,50000.0,180.0,9
34.1298605563,-86.8425717937,"N",234,514516,3776566,234,1.50051458219e-08,0.0,0.0,0.00176313294567,6.00205832877e-06,0.0,0.0,0.0,0.0,0.0,0.0,0.0,0.0,0.0,0.0,100.0,202.5,10
34.1291936034,-86.8429092268,"N",234,514485,3776492,234,2.85943421918e-08,0.0,0.0,0.00335988915912,1.14377368767e-05,0.0,0.0,0.0,0.0,0.0,0.0,0.0,0.0,0.0,0.0,180.0,202.5,10
34.1280219066,-86.8434861742,"N",230,514432,3776362,230,2.22938473973e-08,0.0,0.0,0.00261956913304,8.9175389589e-06,0.0,0.0,0.0,0.0,0.0,0.0,0.0,0.0,0.0,0.0,320.0,202.5,10
34.1260300415,-86.8444875528,"N",230,514340,3776141,230,1.4865334726e-08,0.0,0.0,0.00174670487811,5.94613389041e-06,0.0,0.0,0.0,0.0,0.0,0.0,0.0,0.0,0.0,0.0,560.0,202.5,10
34.1224428497,-86.8462834124,"N",230,514175,3775743,230,9.89529421233e-09,0.0,0.0,0.00116271574032,3.95811768493e-06,0.0,0.0,0.0,0.0,0.0,0.0,0.0,0.0,0.0,0.0,990.0,202.5,10
34.1161156219,-86.8494502859,"N",230,513884,3775041,230,6.32614715753e-09,0.0,0.0,0.000743334227137,2.53045886301e-06,0.0,0.0,0.0,0.0,0.0,0.0,0.0,0.0,0.0,0.0,1750.0,202.5,10
34.1057052347,-86.8546512317,"N",219,513406,3773886,219,3.64948888356e-09,0.0,0.0,0.000428821829647,1.45979555342e-06,0.0,0.0,0.0,0.0,0.0,0.0,0.0,0.0,0.0,0.0,3000.0,202.5,10
34.0907156656,-86.8621457174,"N",215,512717,3772223,215,2.41311740753e-09,0.0,0.0,0.000283545848437,9.65246963014e-07,0.0,0.0,0.0,0.0,0.0,0.0,0.0,0.0,0.0,0.0,4800.0,202.5,10
34.0665672574,-86.8742139896,"N",209,511607,3769544,209,1.52024746233e-09,0.0,0.0,0.000178631945215,6.08098984932e-07,0.0,0.0,0.0,0.0,0.0,0.0,0.0,0.0,0.0,0.0,7700.0,202.5,10
34.0282552489,-86.8933352281,"N",262,509847,3765294,262,1.01136632877e-09,0.0,0.0,0.000118837451868,4.04546531507e-07,0.0,0.0,0.0,0.0,0.0,0.0,0.0,0.0,0.0,0.0,12300.0,202.5,10
33.9666247208,-86.9240668916,"N",250,507015,3758458,250,5.89588880137e-10,0.0,0.0,6.92778058479e-05,2.35835552055e-07,0.0,0.0,0.0,0.0,0.0,0.0,0.0,0.0,0.0,0.0,19700.0,202.5,10
33.8683195931,-86.9729808879,"N",250,502499,3747556,250,3.33187222603e-10,0.0,0.0,3.9150127311e-05,1.33274889041e-07,0.0,0.0,0.0,0.0,0.0,0.0,0.0,0.0,0.0,0.0,31500.0,202.5,10
33.7141560463,-87.0494301459,"N",217,495420,3730464,217,1.87368213699e-10,0.0,0.0,2.20161186345e-05,7.49472854795e-08,0.0,0.0,0.0,0.0,0.0,0.0,0.0,0.0,0.0,0.0,50000.0,202.5,10
34.1300504072,-86.8429293322,"N",234,514483,3776587,234,1.26295388014e-08,0.0,0.0,0.00148399463848,5.05181552055e-06,0.0,0.0,0.0,0.0,0.0,0.0,0.0,0.0,0.0,0.0,100.0,225.0,11
34.1295461356,-86.8435375905,"N",234,514427,3776531,234,1.99124466781e-08,0.0,0.0,0.00233975005533,7.96497867123e-06,0.0,0.0,0.0,0.0,0.0,0.0,0.0,0.0,0.0,0.0,180.0,225.0,11
34.1286546478,-86.8446128867,"N",234,514328,3776432,234,1.41027391438e-08,0.0,0.0,0.00165709845834,5.64109565753e-06,0.0,0.0,0.0,0.0,0.0,0.0,0.0,0.0,0.0,0.0,320.0,225.0,11
34.1271237879,-86.8464593022,"N",230,514158,3776262,230,7.28412760274e-09,0.0,0.0,0.000855898736959,2.9136510411e-06,0.0,0.0,0.0,0.0,0.0,0.0,0.0,0.0,0.0,0.0,560.0,225.0,11
34.1243861795,-86.8497609615,"N",230,513854,3775958,230,4.33673589041e-09,0.0,0.0,0.000509574649644,1.73469435616e-06,0.0,0.0,0.0,0.0,0.0,0.0,0.0,0.0,0.0,0.0,990.0,225.0,11
34.1195501171,-86.8555926491,"N",228,513317,3775421,228,2.84192733904e-09,0.0,0.0,0.000333931824464,1.13677093562e-06,0.0,0.0,0.0,0.0,0.0,0.0,0.0,0.0,0.0,0.0,1750.0,225.0,11
34.1115884609,-86.865191225,"N",213,512433,3774537,213,1.79774656849e-09,0.0,0.0,0.000211238613773,7.19098627397e-07,0.0,0.0,0.0,0.0,0.0,0.0,0.0,0.0,0.0,0.0,3000.0,225.0,11
34.1001219725,-86.8790104492,"N",206,511160,3773264,206,1.27798319178e-09,0.0,0.0,0.000150165436323,5.11193276712e-07,0.0,0.0,0.0,0.0,0.0,0.0,0.0,0.0,0.0,0.0,4800.0,225.0,11
34.0816443551,-86.9012675181,"N",269,509109,3771213,269,1.1875100137e-09,0.0,0.0,0.000139534667195,4.75004005479e-07,0.0,0.0,0.0,0.0,0.0,0.0,0.0,0.0,0.0,0.0,7700.0,225.0,11
34.0523384303,-86.9365378027,"N",245,505857,3767961,245,6.38057743151e-10,0.0,0.0,7.49729887027e-05,2.5522309726e-07,0.0,0.0,0.0,0.0,0.0,0.0,0.0,0.0,0.0,0.0,12300.0,225.0,11
34.0051588367,-86.9932425298,"N",235,500624,3762728,235,4.28280113014e-10,0.0,0.0,5.03237213548e-05,1.71312045205e-07,0.0,0.0,0.0,0.0,0.0,0.0,0.0,0.0,0.0,0.0,19700.0,225.0,11
33.9298764245,-87.0835283961,"N",209,492280,3754384,209,2.28911701027e-10,0.0,0.0,2.68975567796e-05,9.1564680411e-08,0.0,0.0,0.0,0.0,0.0,0.0,0.0,0.0,0.0,0.0,31500.0,225.0,11
33.8117210212,-87.22475135,"N",172,479199,3741303,172,1.29055780479e-10,0.0,0.0,1.51642977078e-05,5.16223121918e-08,0.0,0.0,0.0,0.0,0.0,0.0,0.0,0.0,0.0,0.0,50000.0,225.0,11
34.1303483153,-86.8431565304,"N",234,514462,3776620,234,1.10682513699e-08,0.0,0.0,0.00130054041945,4.42730054795e-06,0.0,0.0,0.0,0.0,0.0,0.0,0.0,0.0,0.0,0.0,100.0,247.5,12
34.1300697581,-86.8439595873,"N",234,514388,3776589,234,1.45999680822e-08,0.0,0.0,0.00171552379677,5.83998723288e-06,0.0,0.0,0.0,0.0,0.0,0.0,0.0,0.0,0.0,0.0,180.0,247.5,12
34.1295935506,-86.8453703262,"N",234,514258,3776536,234,9.32739739726e-09,0.0,0.0,0.00109598679304,3.7309589589e-06,0.0,0.0,0.0,0.0,0.0,0.0,0.0,0.0,0.0,0.0,320.0,247.5,12
34.128766825,-86.8477685769,"N",234,514037,3776444,234,4.47056270548e-09,0.0,0.0,0.000525299552918,1.78822508219e-06,0.0,0.0,0.0,0.0,0.0,0.0,0.0,0.0,0.0,0.0,560.0,247.5,12
34.1272840141,-86.8520874703,"N",219,513639,3776279,219,2.20154449315e-09,0.0,0.0,0.000258685631803,8.8061779726e-07,0.0,0.0,0.0,0.0,0.0,0.0,0.0,0.0,0.0,0.0,990.0,247.5,12
34.1246685037,-86.85970485,"N",221,512937,3775988,221,1.64834918836e-09,0.0,0.0,0.000193684139725,6.59339675342e-07,0.0,0.0,0.0,0.0,0.0,0.0,0.0,0.0,0.0,0.0,1750.0,247.5,12
34.1203712268,-86.8722366899,"N",220,511782,3775510,220,1.41949809247e-09,0.0,0.0,0.000166793704163,5.67799236986e-07,0.0,0.0,0.0,0.0,0.0,0.0,0.0,0.0,0.0,0.0,3000.0,247.5,12
34.114174757,-86.8902781571,"N",213,510119,3774821,213,1.14471287671e-09,0.0,0.0,0.000134505922849,4.57885150685e-07,0.0,0.0,0.0,0.0,0.0,0.0,0.0,0.0,0.0,0.0,4800.0,247.5,12
34.1041864581,-86.9193364304,"N",220,507440,3773711,220,9.04053308219e-10,0.0,0.0,0.000106227969477,3.61621323288e-07,0.0,0.0,0.0,0.0,0.0,0.0,0.0,0.0,0.0,0.0,7700.0,247.5,12
34.0883350251,-86.9654208539,"N",255,503190,3771951,255,6.86496113014e-10,0.0,0.0,8.06645885548e-05,2.74598445205e-07,0.0,0.0,0.0,0.0,0.0,0.0,0.0,0.0,0.0,0.0,12300.0,247.5,12
34.0627922728,-87.0395102595,"N",237,496354,3769119,237,4.70196760274e-10,0.0,0.0,5.52490064959e-05,1.8807870411e-07,0.0,0.0,0.0,0.0,0.0,0.0,0.0,0.0,0.0,0.0,19700.0,247.5,12
34.0219685117,-87.1575753308,"N",233,485452,3764603,233,2.98348416781e-10,0.0,0.0,3.50565018933e-05,1.19339366712e-07,0.0,0.0,0.0,0.0,0.0,0.0,0.0,0.0,0.0,0.0,31500.0,247.5,12
33.9577480725,-87.3424474495,"N",226,468360,3757524,226,1.70253551712e-10,0.0,0.0,2.00051135593e-05,6.81014206849e-08,0.0,0.0,0.0,0.0,0.0,0.0,0.0,0.0,0.0,0.0,50000.0,247.5,12
34.1306911364,-86.8432426592,"N",234,514454,3776658,234,1.46079725342e-08,0.0,0.0,0.00171646433499,5.8431890137e-06,0.0,0.0,0.0,0.0,0.0,0.0,0.0,0.0,0.0,0.0,100.0,270.0,13
34.1306922409,-86.8441102769,"N",234,514374,3776658,234,1.98605702055e-08,0.0,0.0,0.00233365447192,7.94422808219e-06,0.0,0.0,0.0,0.0,0.0,0.0,0.0,0.0,0.0,0.0,180.0,270.0,13
34.130694159,-86.845628608,"N",234,514234,3776658,234,1.30045664384e-08,0.0,0.0,0.00152806109342,5.20182657534e-06,0.0,0.0,0.0,0.0,0.0,0.0,0.0,0.0,0.0,0.0,320.0,270.0,13
34.1306974036,-86.8482314617,"N",219,513994,3776658,219,6.15828236301e-09,0.0,0.0,0.000723609797055,2.46331294521e-06,0.0,0.0,0.0,0.0,0.0,0.0,0.0,0.0,0.0,0.0,560.0,270.0,13
34.1307030787,-86.8528949089,"N",219,513564,3776658,219,4.28924280822e-09,0.0,0.0,0.000503994122877,1.71569712329e-06,0.0,0.0,0.0,0.0,0.0,0.0,0.0,0.0,0.0,0.0,990.0,270.0,13
34.130712676,-86.8611372837,"N",221,512804,3776658,221,4.06843428082e-09,0.0,0.0,0.000478048704288,1.62737371233e-06,0.0,0.0,0.0,0.0,0.0,0.0,0.0,0.0,0.0,0.0,1750.0,270.0,13
34.1307272578,-86.8746938294,"N",206,511554,3776658,206,3.53811265068e-09,0.0,0.0,0.00041573491214,1.41524506027e-06,0.0,0.0,0.0,0.0,0.0,0.0,0.0,0.0,0.0,0.0,3000.0,270.0,13
34.1307456263,-86.8942152711,"N",202,509754,3776658,202,2.74874408219e-09,0.0,0.0,0.000322982615967,1.09949763288e-06,0.0,0.0,0.0,0.0,0.0,0.0,0.0,0.0,0.0,0.0,4800.0,270.0,13
34.1307686925,-86.9256665156,"N",264,506854,3776658,264,2.07006946233e-09,0.0,0.0,0.000243237067615,8.28027784932e-07,0.0,0.0,0.0,0.0,0.0,0.0,0.0,0.0,0.0,0.0,7700.0,270.0,13
34.1307887576,-86.9755547521,"N",255,502254,3776658,255,1.22099911644e-09,0.0,0.0,0.000143469699953,4.88399646575e-07,0.0,0.0,0.0,0.0,0.0,0.0,0.0,0.0,0.0,0.0,12300.0,270.0,13
34.1307785084,-87.0558097713,"N",275,494854,3776658,275,6.66938568493e-10,0.0,0.0,7.83665401726e-05,2.66775427397e-07,0.0,0.0,0.0,0.0,0.0,0.0,0.0,0.0,0.0,0.0,19700.0,270.0,13
34.1306536619,-87.1837836074,"N",269,483054,3776658,269,3.67057489726e-10,0.0,0.0,4.31299476041e-05,1.4682299589e-07,0.0,0.0,0.0,0.0,0.0,0.0,0.0,0.0,0.0,0.0,31500.0,270.0,13
34.1301894792,-87.3844178009,"N",251,464554,3776658,251,2.07726584589e-10,0.0,0.0,2.44082656262e-05,8.30906338356e-08,0.0,0.0,0.0,0.0,0.0,0.0,0.0,0.0,0.0,0.0,50000.0,270.0,13
34.131033736,-86.8431552645,"N",234,514462,3776696,234,2.35328603425e-08,0.0,0.0,0.00276515549186,9.41314413699e-06,0.0,0.0,0.0,0.0,0.0,0.0,0.0,0.0,0.0,0.0,100.0,292.5,14
34.131314338,-86.8439573003,"N",234,514388,3776727,234,4.03569226027e-08,0.0,0.0,0.00474201455096,1.61427690411e-05,0.0,0.0,0.0,0.0,0.0,0.0,0.0,0.0,0.0,0.0,180.0,292.5,14
34.1317941123,-86.8453663191,"N",234,514258,3776780,234,3.16311169521e-08,0.0,0.0,0.00371671592322,1.26524467808e-05,0.0,0.0,0.0,0.0,0.0,0.0,0.0,0.0,0.0,0.0,320.0,292.5,14
34.132626827,-86.8477616569,"N",219,514037,3776872,219,1.66889776027e-08,0.0,0.0,0.00196098635696,6.6755910411e-06,0.0,0.0,0.0,0.0,0.0,0.0,0.0,0.0,0.0,0.0,560.0,292.5,14
34.1341201872,-86.8520755624,"N",217,513639,3777037,217,1.13668936644e-08,0.0,0.0,0.00133563145253,4.54675746575e-06,0.0,0.0,0.0,0.0,0.0,0.0,0.0,0.0,0.0,0.0,990.0,292.5,14
34.1367535631,-86.8596848826,"N",208,512937,3777328,208,8.40219708904e-09,0.0,0.0,0.000987274011164,3.36087883562e-06,0.0,0.0,0.0,0.0,0.0,0.0,0.0,0.0,0.0,0.0,1750.0,292.5,14
34.141078175,-86.8722055315,"N",218,511782,3777806,218,6.73284955479e-09,0.0,0.0,0.000791122526178,2.69313982192e-06,0.0,0.0,0.0,0.0,0.0,0.0,0.0,0.0,0.0,0.0,3000.0,292.5,14
34.1473095031,-86.8902353357,"N",231,510119,3778495,231,5.67241212329e-09,0.0,0.0,0.000666519127151,2.26896484932e-06,0.0,0.0,0.0,0.0,0.0,0.0,0.0,0.0,0.0,0.0,4800.0,292.5,14
34.1573427886,-86.9192859214,"N",276,507440,3779605,276,3.5778947774e-09,0.0,0.0,0.000420409387089,1.43115791096e-06,0.0,0.0,0.0,0.0,0.0,0.0,0.0,0.0,0.0,0.0,7700.0,292.5,14
34.1732373155,-86.9653862638,"N",292,503190,3781365,292,1.74665529452e-09,0.0,0.0,0.000205235292682,6.98662117808e-07,0.0,0.0,0.0,0.0,0.0,0.0,0.0,0.0,0.0,0.0,12300.0,292.5,14
34.1987766218,-87.0395735804,"N",281,496354,3784197,281,1.1250600411e-09,0.0,0.0,0.000132196677584,4.50024016438e-07,0.0,0.0,0.0,0.0,0.0,0.0,0.0,0.0,0.0,0.0,19700.0,292.5,14
34.2394092206,-87.157979335,"N",287,485452,3788713,287,5.92878328767e-10,0.0,0.0,6.96643222685e-05,2.37151331507e-07,0.0,0.0,0.0,0.0,0.0,0.0,0.0,0.0,0.0,0.0,31500.0,292.5,14
34.3028705718,-87.3438420498,"N",270,468360,3795792,270,3.3226442363e-10,0.0,0.0,3.90416966905e-05,1.32905769452e-07,0.0,0.0,0.0,0.0,0.0,0.0,0.0,0.0,0.0,0.0,50000.0,292.5,14
34.1313310618,-86.8429269634,"N",234,514483,3776729,234,2.13421561644e-08,0.0,0.0,0.00250774361753,8.53686246575e-06,0.0,0.0,0.0,0.0,0.0,0.0,0.0,0.0,0.0,0.0,100.0,315.0,15
34.131836884,-86.8435333698,"N",234,514427,3776785,234,3.69907455822e-08,0.0,0.0,0.00434648239977,1.47962982329e-05,0.0,0.0,0.0,0.0,0.0,0.0,0.0,0.0,0.0,0.0,180.0,315.0,15
34.132731098,-86.8446054272,"N",234,514328,3776884,234,2.88479689726e-08,0.0,0.0,0.00338969078441,1.1539187589e-05,0.0,0.0,0.0,0.0,0.0,0.0,0.0,0.0,0.0,0.0,320.0,315.0,15
34.1342665949,-86.8464463867,"N",234,514158,3777054,234,1.7125067774e-08,0.0,0.0,0.00201222777489,6.85002710959e-06,0.0,0.0,0.0,0.0,0.0,0.0,0.0,0.0,0.0,0.0,560.0,315.0,15
34.1370123554,-86.8497386214,"N",217,513854,3777358,217,9.13799681507e-09,0.0,0.0,0.00107373186727,3.65519872603e-06,0.0,0.0,0.0,0.0,0.0,0.0,0.0,0.0,0.0,0.0,990.0,315.0,15
34.1418623795,-86.855554701,"N",221,513317,3777895,221,6.405315e-09,0.0,0.0,0.000752636598,2.562126e-06,0.0,0.0,0.0,0.0,0.0,0.0,0.0,0.0,0.0,0.0,1750.0,315.0,15
34.1498457995,-86.8651304772,"N",232,512433,3778779,232,5.39267558219e-09,0.0,0.0,0.000633649555767,2.15707023288e-06,0.0,0.0,0.0,0.0,0.0,0.0,0.0,0.0,0.0,0.0,3000.0,315.0,15
34.1613409621,-86.8789231941,"N",244,511160,3780052,244,3.70725815753e-09,0.0,0.0,0.000435609828337,1.48290326301e-06,0.0,0.0,0.0,0.0,0.0,0.0,0.0,0.0,0.0,0.0,4800.0,315.0,15
34.1798581577,-86.9011532607,"N",297,509109,3782103,297,1.80583487671e-09,0.0,0.0,0.000212189005249,7.22333950685e-07,0.0,0.0,0.0,0.0,0.0,0.0,0.0,0.0,0.0,0.0,7700.0,315.0,15
34.2092100895,-86.9364204585,"N",311,505857,3785355,311,9.0603155137e-10,0.0,0.0,0.000106460416779,3.62412620548e-07,0.0,0.0,0.0,0.0,0.0,0.0,0.0,0.0,0.0,0.0,12300.0,315.0,15
34.2564205971,-86.9932225056,"N",334,500624,3790588,334,4.30521359589e-10,0.0,0.0,5.05870720562e-05,1.72208543836e-07,0.0,0.0,0.0,0.0,0.0,0.0,0.0,0.0,0.0,0.0,19700.0,315.0,15
34.3316422874,-87.0839245262,"N",316,492280,3798932,316,3.36101224315e-10,0.0,0.0,3.94925280103e-05,1.34440489726e-07,0.0,0.0,0.0,0.0,0.0,0.0,0.0,0.0,0.0,0.0,31500.0,315.0,15
34.4494303205,-87.2264455419,"N",286,479199,3812013,286,2.47947431507e-10,0.0,0.0,2.91342910274e-05,9.91789726027e-08,0.0,0.0,0.0,0.0,0.0,0.0,0.0,0.0,0.0,0.0,50000.0,315.0,15
34.131519996,-86.8425687173,"N",234,514516,3776750,234,1.98539760616e-08,0.0,0.0,0.00233287964758,7.94159042466e-06,0.0,0.0,0.0,0.0,0.0,0.0,0.0,0.0,0.0,0.0,100.0,337.5,16
34.1321878099,-86.8429036877,"N",234,514485,3776824,234,3.94120160959e-08,0.0,0.0,0.00463098625356,1.57648064384e-05,0.0,0.0,0.0,0.0,0.0,0.0,0.0,0.0,0.0,0.0,180.0,337.5,16
34.1333609738,-86.8434763334,"N",234,514432,3776954,234,3.51585646233e-08,0.0,0.0,0.00413119768015,1.40634258493e-05,0.0,0.0,0.0,0.0,0.0,0.0,0.0,0.0,0.0,0.0,320.0,337.5,16
34.135355372,-86.8444704742,"N",234,514340,3777175,234,2.21034939041e-08,0.0,0.0,0.00259720223844,8.84139756164e-06,0.0,0.0,0.0,0.0,0.0,0.0,0.0,0.0,0.0,0.0,560.0,337.5,16
34.1389470627,-86.8462535339,"N",217,514175,3777573,217,1.08577342808e-08,0.0,0.0,0.00127580426429,4.34309371233e-06,0.0,0.0,0.0,0.0,0.0,0.0,0.0,0.0,0.0,0.0,990.0,337.5,16
34.1452820878,-86.8493985683,"N",228,513884,3778275,228,7.05600071918e-09,0.0,0.0,0.000829093397712,2.82240028767e-06,0.0,0.0,0.0,0.0,0.0,0.0,0.0,0.0,0.0,0.0,1750.0,337.5,16
34.1557049022,-86.8545656253,"N",240,513406,3779430,240,4.61837825342e-09,0.0,0.0,0.000542668158699,1.84735130137e-06,0.0,0.0,0.0,0.0,0.0,0.0,0.0,0.0,0.0,0.0,3000.0,337.5,16
34.170711552,-86.8620157924,"N",281,512717,3781093,281,3.40779254795e-09,0.0,0.0,0.000400422054181,1.36311701918e-06,0.0,0.0,0.0,0.0,0.0,0.0,0.0,0.0,0.0,0.0,4800.0,337.5,16
34.1948854106,-86.8740237728,"N",303,511607,3783772,303,1.23342507534e-09,0.0,0.0,0.00014492977357,4.93370030137e-07,0.0,0.0,0.0,0.0,0.0,0.0,0.0,0.0,0.0,0.0,7700.0,337.5,16
34.2332325437,-86.8930774465,"N",311,509847,3788022,311,6.91203493151e-10,0.0,0.0,8.12177146027e-05,2.7648139726e-07,0.0,0.0,0.0,0.0,0.0,0.0,0.0,0.0,0.0,0.0,12300.0,337.5,16
34.2949061296,-86.9237727752,"N",338,507015,3794858,338,3.2166919726e-10,0.0,0.0,3.77967376011e-05,1.28667678904e-07,0.0,0.0,0.0,0.0,0.0,0.0,0.0,0.0,0.0,0.0,19700.0,337.5,16
34.3932455686,-86.9728133485,"N",332,502499,3805760,332,2.09596958219e-10,0.0,0.0,2.46280380567e-05,8.38387832877e-08,0.0,0.0,0.0,0.0,0.0,0.0,0.0,0.0,0.0,0.0,31500.0,337.5,16
34.5473779272,-87.0499175582,"N",244,495420,3822852,244,2.09485658219e-10,0.0,0.0,2.46149600967e-05,8.37942632877e-08,0.0,0.0,0.0,0.0,0.0,0.0,0.0,0.0,0.0,0.0,50000.0,337.5,16
